cell_id,lon,lat,risk_score
"-13506,4386",-121.3219706967188,39.4045999278306,0.0
"-13506,4387",-121.32197069671224,39.41358308061407,0.0
"-13506,4388",-121.321970696712,39.42256623346128,0.05501429378096862
"-13506,4389",-121.32197069672604,39.43154938630929,0.05501429378096862
"-13506,4390",-121.32197069672402,39.44053253910884,0.05192814068667844
"-13506,4391",-121.32197069672944,39.44951569189954,0.05192814068667844
"-13506,4392",-121.32197069672772,39.45849884470579,0.0
"-13506,4393",-121.32197069671098,39.46748199752637,0.0
"-13506,4394",-121.32197069673204,39.47646515040344,0.0
"-13506,4395",-121.32197069673816,39.485448303149006,0.0
"-13506,4396",-121.32197069672348,39.49443145599047,0.0
"-13506,4397",-121.32197069670951,39.50341460881856,0.0
"-13506,4398",-121.32197069670416,39.51239776161229,0.030160864738602845
"-13506,4399",-121.32197069673082,39.521380914459705,0.0
"-13506,4400",-121.3219706967436,39.53036406719714,0.03667241555097729
"-13506,4401",-121.32197069672108,39.53934722009381,0.03667241555097729
"-13506,4402",-121.32197069671597,39.548330372868726,0.035537304092548114
"-13506,4403",-121.32197069670686,39.557313525713006,0.05730458004062371
"-13506,4404",-121.32197069672206,39.56629667852157,0.0
"-13506,4405",-121.32197069671082,39.57527983132388,0.0
"-13506,4406",-121.32197069672397,39.5842629841424,0.0
"-13506,4407",-121.32197069671066,39.59324613700448,0.0
"-13506,4408",-121.32197069671008,39.60222928972266,0.03667241555097729
"-13506,4409",-121.32197069672809,39.61121244262155,0.03667241555097729
"-13506,4410",-121.32197069672752,39.62019559537357,0.03667241555097729
"-13506,4411",-121.32197069673194,39.62917874821708,0.0
"-13506,4412",-121.32197069673347,39.63816190105623,0.0
"-13506,4413",-121.32197069671749,39.64714505384882,0.0
"-13506,4414",-121.32197069672118,39.65612820668296,0.0
"-13506,4415",-121.32197069672306,39.665111359485,0.0
"-13506,4416",-121.32197069672414,39.674094512294566,0.0
"-13506,4417",-121.3219706967234,39.68307766511352,0.0
"-13506,4418",-121.32197069672878,39.692060817894,0.0
"-13506,4419",-121.32197069671872,39.7010439707837,0.0
"-13506,4420",-121.32197069671476,39.71002712352802,0.0
"-13506,4421",-121.32197069671794,39.71901027636762,0.0
"-13506,4422",-121.32197069672924,39.72799342917908,0.0
"-13506,4423",-121.32197069674773,39.736976581995975,0.0
"-13506,4424",-121.3219706967293,39.74595973483285,0.0
"-13506,4425",-121.32197069672004,39.75494288758553,0.0
"-13506,4426",-121.32197069672584,39.76392604046357,0.0
"-13506,4427",-121.3219706967252,39.77290919325495,0.0
"-13506,4428",-121.32197069671908,39.78189234609492,0.0
"-13506,4429",-121.32197069669968,39.79087549889359,0.0
"-13506,4430",-121.32197069669056,39.79985865168919,0.0
"-13506,4431",-121.32197069671332,39.8088418045629,0.0
"-13506,4432",-121.3219706967238,39.817824957277786,0.0
"-13506,4433",-121.3219706967299,39.82680811016824,0.0
"-13506,4434",-121.32197069671696,39.835791262980536,0.0
"-13506,4435",-121.32197069672222,39.84477441578705,0.0
"-13506,4436",-121.32197069675362,39.85375756859178,0.0
"-13507,4386",-121.33095384959618,39.4045999278378,0.03900378049336746
"-13507,4387",-121.33095384959356,39.41358308060136,0.05501429378096862
"-13507,4388",-121.33095384960656,39.422566233481625,0.06106439405371547
"-13507,4389",-121.33095384962051,39.43154938630564,0.05192814068667844
"-13507,4390",-121.33095384960713,39.44053253910332,0.05192814068667844
"-13507,4391",-121.33095384961028,39.44951569191019,0.05730458004062371
"-13507,4392",-121.33095384961536,39.458498844697125,0.05843969149905288
"-13507,4393",-121.33095384961456,39.46748199752459,0.0
"-13507,4394",-121.33095384960885,39.476465150414334,0.0
"-13507,4395",-121.33095384959914,39.48544830313597,0.0
"-13507,4396",-121.33095384959132,39.49443145599013,0.0
"-13507,4397",-121.330953849602,39.50341460881696,0.0
"-13507,4398",-121.33095384960087,39.51239776161002,0.03667241555097729
"-13507,4399",-121.33095384959572,39.52138091447479,0.0
"-13507,4400",-121.3309538495944,39.530364067188906,0.03667241555097729
"-13507,4401",-121.33095384958912,39.53934722008549,0.06360511469445566
"-13507,4402",-121.33095384958077,39.54833037286906,0.059929282595286286
"-13507,4403",-121.33095384959088,39.55731352571327,0.05843969149905288
"-13507,4404",-121.3309538495911,39.56629667853049,0.06106439405371547
"-13507,4405",-121.33095384964784,39.57527983134202,0.0
"-13507,4406",-121.33095384965851,39.58426298413841,0.0
"-13507,4407",-121.33095384965152,39.59324613699638,0.0
"-13507,4408",-121.33095384964138,39.602229289724384,0.03667241555097729
"-13507,4409",-121.33095384962228,39.611212442619184,0.03667241555097729
"-13507,4410",-121.3309538496246,39.62019559537696,0.0455153313057419
"-13507,4411",-121.3309538496472,39.62917874822971,0.0
"-13507,4412",-121.3309538496462,39.6381619010439,0.0
"-13507,4413",-121.330953849645,39.64714505385096,0.0
"-13507,4414",-121.3309538496426,39.6561282066816,0.0
"-13507,4415",-121.33095384962438,39.66511135947667,0.0
"-13507,4416",-121.3309538496206,39.67409451230131,0.0
"-13507,4417",-121.3309538496323,39.6830776651133,0.0
"-13507,4418",-121.3309538496222,39.692060817891445,0.0
"-13507,4419",-121.3309538496344,39.70104397078754,0.0
"-13507,4420",-121.3309538496474,39.71002712352953,0.0
"-13507,4421",-121.3309538496464,39.719010276367385,0.0
"-13507,4422",-121.33095384964612,39.72799342918583,0.0
"-13507,4423",-121.330953849625,39.73697658198767,0.0
"-13507,4424",-121.330953849636,39.74595973483673,0.0
"-13507,4425",-121.3309538496104,39.7549428875877,0.0
"-13507,4426",-121.33095384961004,39.76392604046461,0.0
"-13507,4427",-121.33095384959762,39.77290919324618,0.0
"-13507,4428",-121.33095384960156,39.78189234610241,0.0
"-13507,4429",-121.33095384960912,39.79087549887912,0.0
"-13507,4430",-121.33095384961246,39.79985865170023,0.0
"-13507,4431",-121.3309538496037,39.808841804560096,0.0
"-13507,4432",-121.3309538495907,39.8178249572791,0.0
"-13507,4433",-121.330953849597,39.82680811017424,0.0
"-13507,4434",-121.33095384960784,39.8357912629733,0.0
"-13507,4435",-121.33095384958597,39.84477441578451,0.0
"-13507,4436",-121.33095384956864,39.85375756860262,0.0
"-13508,4386",-121.33993700246084,39.40459992784435,0.04963785442702336
"-13508,4387",-121.33993700246126,39.41358308059348,0.05501429378096862
"-13508,4388",-121.3399370024572,39.42256623349481,0.05709356388208123
"-13508,4389",-121.3399370024496,39.43154938629624,0.05455284324134103
"-13508,4390",-121.33993700246872,39.44053253911613,0.05192814068667844
"-13508,4391",-121.3399370024618,39.44951569189515,0.05730458004062371
"-13508,4392",-121.33993700243666,39.45849884470019,0.05730458004062371
"-13508,4393",-121.3399370024459,39.46748199752655,0.05730458004062371
"-13508,4394",-121.33993700245922,39.47646515041691,0.0
"-13508,4395",-121.33993700248446,39.48544830314264,0.0
"-13508,4396",-121.33993700250691,39.49443145599217,0.0
"-13508,4397",-121.33993700248264,39.50341460880679,0.0
"-13508,4398",-121.3399370024711,39.51239776161265,0.03667241555097729
"-13508,4399",-121.33993700247132,39.52138091446925,0.030622315278230432
"-13508,4400",-121.33993700247738,39.53036406719728,0.03667241555097729
"-13508,4401",-121.33993700249712,39.53934722008568,0.06360511469445566
"-13508,4402",-121.33993700248452,39.54833037285642,0.06106439405371547
"-13508,4403",-121.33993700247866,39.55731352572843,0.06106439405371547
"-13508,4404",-121.33993700248728,39.56629667852059,0.05843969149905288
"-13508,4405",-121.33993700241952,39.57527983133725,0.0
"-13508,4406",-121.33993700240237,39.58426298413934,0.03667241555097729
"-13508,4407",-121.3399370024074,39.593246136994274,0.03667241555097729
"-13508,4408",-121.33993700242,39.60222928972795,0.03667241555097729
"-13508,4409",-121.33993700243224,39.61121244261156,0.03667241555097729
"-13508,4410",-121.3399370024295,39.620195595384274,0.0
"-13508,4411",-121.33993700242632,39.629178748233954,0.0
"-13508,4412",-121.3399370024237,39.63816190103751,0.0
"-13508,4413",-121.33993700241378,39.64714505385074,0.0
"-13508,4414",-121.33993700242682,39.65612820668812,0.0
"-13508,4415",-121.3399370024413,39.6651113594679,0.0
"-13508,4416",-121.33993700244248,39.674094512308535,0.0
"-13508,4417",-121.33993700244496,39.68307766511448,0.0
"-13508,4418",-121.33993700244784,39.69206081788598,0.0
"-13508,4419",-121.33993700244513,39.701043970798615,0.0
"-13508,4420",-121.33993700243776,39.71002712352176,0.0
"-13508,4421",-121.33993700242472,39.719010276366845,0.0
"-13508,4422",-121.33993700241383,39.72799342917977,0.0
"-13508,4423",-121.33993700242856,39.73697658198998,0.0
"-13508,4424",-121.33993700244538,39.74595973485085,0.0
"-13508,4425",-121.33993700246522,39.75494288759683,0.0
"-13508,4426",-121.3399370024665,39.763926040456006,0.0
"-13508,4427",-121.33993700247068,39.77290919324992,0.0
"-13508,4428",-121.3399370024788,39.78189234610576,0.0
"-13508,4429",-121.33993700248294,39.790875498882656,0.0
"-13508,4430",-121.339937002484,39.799858651699296,0.0
"-13508,4431",-121.33993700247416,39.80884180455006,0.0
"-13508,4432",-121.33993700247689,39.81782495728308,0.0
"-13508,4433",-121.33993700246177,39.82680811016503,0.0
"-13508,4434",-121.33993700243654,39.835791262974034,0.0
"-13508,4435",-121.33993700245423,39.84477441578129,0.0
"-13508,4436",-121.33993700248436,39.853757568613375,0.0
"-13509,4386",-121.34892015528992,39.40459992782809,0.05755501442170882
"-13509,4387",-121.3489201552718,39.41358308059917,0.05755501442170882
"-13509,4388",-121.34892015526724,39.42256623348398,0.05709356388208123
"-13509,4389",-121.34892015528392,39.43154938631252,0.05192814068667844
"-13509,4390",-121.34892015527602,39.440532539106535,0.05192814068667844
"-13509,4391",-121.34892015526678,39.44951569189514,0.05192814068667844
"-13509,4392",-121.3489201552933,39.458498844701005,0.05730458004062371
"-13509,4393",-121.34892015529594,39.46748199753281,0.05730458004062371
"-13509,4394",-121.34892015527564,39.4764651504065,0.0
"-13509,4395",-121.3489201552626,39.485448303160304,0.0
"-13509,4396",-121.34892015524886,39.49443145597973,0.0
"-13509,4397",-121.348920155256,39.50341460880898,0.0
"-13509,4398",-121.34892015527792,39.512397761616654,0.059929282595286286
"-13509,4399",-121.34892015527076,39.52138091446109,0.03667241555097729
"-13509,4400",-121.34892015526266,39.53036406720424,0.06984732259045438
"-13509,4401",-121.3489201552546,39.53934722008566,0.06360511469445566
"-13509,4402",-121.34892015526994,39.54833037285808,0.06106439405371547
"-13509,4403",-121.3489201552627,39.55731352571898,0.06106439405371547
"-13509,4404",-121.3489201552475,39.56629667852612,0.05843969149905288
"-13509,4405",-121.34892015526331,39.57527983132756,0.03667241555097729
"-13509,4406",-121.34892015526611,39.58426298414052,0.03667241555097729
"-13509,4407",-121.34892015528423,39.59324613700686,0.03667241555097729
"-13509,4408",-121.34892015529604,39.602229289729856,0.03667241555097729
"-13509,4409",-121.34892015528683,39.61121244261148,0.0
"-13509,4410",-121.3489201552937,39.6201955953868,0.0
"-13509,4411",-121.34892015527252,39.629178748217015,0.0
"-13509,4412",-121.34892015528295,39.638161901059085,0.0
"-13509,4413",-121.34892015530342,39.64714505383541,0.0
"-13509,4414",-121.3489201552741,39.65612820669386,0.0
"-13509,4415",-121.3489201552616,39.66511135946332,0.0
"-13509,4416",-121.348920155251,39.67409451230756,0.0
"-13509,4417",-121.34892015525018,39.68307766511647,0.0
"-13509,4418",-121.3489201552532,39.69206081788745,0.0
"-13509,4419",-121.34892015525212,39.70104397079489,0.0
"-13509,4420",-121.34892015526846,39.71002712353079,0.0
"-13509,4421",-121.34892015528062,39.7190102763573,0.0
"-13509,4422",-121.3489201552738,39.727993429178845,0.0
"-13509,4423",-121.34892015527144,39.73697658199822,0.0
"-13509,4424",-121.34892015526566,39.74595973484913,0.0
"-13509,4425",-121.34892015529364,39.754942887600166,0.0
"-13509,4426",-121.34892015528868,39.763926040450464,0.0
"-13509,4427",-121.3489201552879,39.77290919325751,0.0
"-13509,4428",-121.34892015526974,39.78189234609225,0.0
"-13509,4429",-121.3489201552645,39.7908754988955,0.0
"-13509,4430",-121.34892015527798,39.79985865169505,0.0
"-13509,4431",-121.34892015527484,39.80884180454665,0.0
"-13509,4432",-121.3489201552628,39.81782495728103,0.0
"-13509,4433",-121.34892015526349,39.82680811015855,0.0
"-13509,4434",-121.3489201552846,39.83579126297812,0.0
"-13509,4435",-121.34892015530454,39.84477441579939,0.0
"-13509,4436",-121.34892015527905,39.85375756859801,0.0
"-13510,4386",-121.35790330811992,39.404599927824506,0.07463315174151301
"-13510,4387",-121.35790330815148,39.41358308061079,0.06360511469445566
"-13510,4388",-121.35790330816096,39.42256623347527,0.05709356388208123
"-13510,4389",-121.35790330814044,39.431549386318935,0.05192814068667844
"-13510,4390",-121.35790330813566,39.44053253909253,0.05192814068667844
"-13510,4391",-121.35790330813866,39.449515691905454,0.05192814068667844
"-13510,4392",-121.35790330812804,39.45849884470011,0.05192814068667844
"-13510,4393",-121.35790330811132,39.46748199752534,0.0
"-13510,4394",-121.35790330811,39.47646515040111,0.0
"-13510,4395",-121.35790330812496,39.48544830316682,0.0
"-13510,4396",-121.35790330814145,39.49443145597487,0.0
"-13510,4397",-121.35790330815152,39.503414608824095,0.06106439405371547
"-13510,4398",-121.35790330813369,39.51239776160399,0.05843969149905288
"-13510,4399",-121.35790330812488,39.52138091446423,0.035537304092548114
"-13510,4400",-121.35790330813973,39.53036406720511,0.06360511469445566
"-13510,4401",-121.35790330813414,39.53934722007665,0.069380655212693
"-13510,4402",-121.3579033081158,39.54833037286531,0.06106439405371547
"-13510,4403",-121.35790330812182,39.55731352571103,0.05843969149905288
"-13510,4404",-121.35790330813056,39.56629667853024,0.06106439405371547
"-13510,4405",-121.35790330813414,39.57527983133496,0.0455153313057419
"-13510,4406",-121.3579033081403,39.58426298413841,0.06360511469445566
"-13510,4407",-121.35790330812736,39.59324613701203,0.03667241555097729
"-13510,4408",-121.35790330812368,39.602229289729486,0.0
"-13510,4409",-121.35790330813006,39.611212442610174,0.0
"-13510,4410",-121.3579033081181,39.62019559538508,0.0
"-13510,4411",-121.3579033081317,39.629178748214265,0.0
"-13510,4412",-121.3579033081336,39.63816190106916,0.0
"-13510,4413",-121.35790330810904,39.647145053822896,0.0
"-13510,4414",-121.3579033081176,39.65612820669407,0.0
"-13510,4415",-121.35790330814449,39.6651113594716,0.0
"-13510,4416",-121.35790330814564,39.674094512293685,0.0
"-13510,4417",-121.35790330814436,39.68307766512911,0.0
"-13510,4418",-121.35790330813964,39.6920608178738,0.0
"-13510,4419",-121.35790330812355,39.70104397079837,0.0
"-13510,4420",-121.35790330811948,39.71002712353456,0.0
"-13510,4421",-121.35790330812829,39.71901027636594,0.0
"-13510,4422",-121.35790330814208,39.72799342917433,0.0
"-13510,4423",-121.3579033081373,39.73697658199848,0.0
"-13510,4424",-121.35790330813042,39.745959734841385,0.0
"-13510,4425",-121.35790330812236,39.754942887593046,0.0
"-13510,4426",-121.35790330811892,39.76392604045262,0.0
"-13510,4427",-121.35790330812098,39.77290919325612,0.0
"-13510,4428",-121.35790330813629,39.78189234609194,0.0
"-13510,4429",-121.35790330813434,39.79087549889157,0.0
"-13510,4430",-121.35790330812488,39.79985865170134,0.0
"-13510,4431",-121.35790330812937,39.80884180454114,0.0
"-13510,4432",-121.35790330814672,39.81782495728971,0.0
"-13510,4433",-121.35790330816413,39.82680811016053,0.0
"-13510,4434",-121.35790330815104,39.83579126298088,0.0
"-13510,4435",-121.357903308129,39.84477441579536,0.0
"-13510,4436",-121.3579033081214,39.85375756858254,0.0
"-13511,4386",-121.36688646099223,39.4045999278382,0.06360511469445566
"-13511,4387",-121.3668864609896,39.41358308061436,0.062470003236026486
"-13511,4388",-121.36688646098963,39.422566233477376,0.062470003236026486
"-13511,4389",-121.3668864609932,39.43154938630671,0.05192814068667844
"-13511,4390",-121.36688646099924,39.44053253910549,0.052265648401180774
"-13511,4391",-121.36688646098617,39.44951569188651,0.05192814068667844
"-13511,4392",-121.36688646097534,39.45849884470622,0.04701315187236076
"-13511,4393",-121.36688646098992,39.467481997518014,0.05843969149905288
"-13511,4394",-121.36688646098608,39.476465150405325,0.0
"-13511,4395",-121.3668864609694,39.48544830316157,0.0
"-13511,4396",-121.36688646097883,39.49443145599555,0.05843969149905288
"-13511,4397",-121.3668864609772,39.50341460880845,0.0455153313057419
"-13511,4398",-121.36688646096344,39.51239776160079,0.03667241555097729
"-13511,4399",-121.36688646096076,39.52138091446061,0.035537304092548114
"-13511,4400",-121.3668864609476,39.53036406720974,0.06360511469445566
"-13511,4401",-121.3668864609746,39.53934722008479,0.07463315174151301
"-13511,4402",-121.36688646099778,39.54833037286007,0.06360511469445566
"-13511,4403",-121.3668864609886,39.5573135257144,0.05843969149905288
"-13511,4404",-121.36688646099093,39.56629667853345,0.06106439405371547
"-13511,4405",-121.36688646099684,39.57527983133738,0.06360511469445566
"-13511,4406",-121.36688646099154,39.58426298413648,0.0455153313057419
"-13511,4407",-121.36688646098273,39.59324613700106,0.03667241555097729
"-13511,4408",-121.3668864609644,39.60222928972738,0.0
"-13511,4409",-121.36688646097356,39.61121244262151,0.0
"-13511,4410",-121.36688646099356,39.62019559537849,0.0
"-13511,4411",-121.36688646098902,39.6291787482262,0.0
"-13511,4412",-121.36688646099697,39.63816190106305,0.0
"-13511,4413",-121.36688646100949,39.64714505382185,0.0
"-13511,4414",-121.3668864610049,39.65612820669746,0.0
"-13511,4415",-121.3668864609909,39.66511135947589,0.0
"-13511,4416",-121.36688646099772,39.67409451229414,0.0
"-13511,4417",-121.36688646100866,39.683077665134384,0.0
"-13511,4418",-121.36688646101769,39.692060817871074,0.0
"-13511,4419",-121.36688646100312,39.70104397078296,0.0
"-13511,4420",-121.3668864609795,39.71002712353359,0.0
"-13511,4421",-121.36688646098392,39.719010276374746,0.0
"-13511,4422",-121.3668864609791,39.72799342917085,0.0
"-13511,4423",-121.3668864609884,39.73697658200464,0.0
"-13511,4424",-121.36688646100384,39.74595973484031,0.0
"-13511,4425",-121.3668864609881,39.75494288758005,0.0
"-13511,4426",-121.3668864609714,39.76392604045371,0.0
"-13511,4427",-121.36688646098403,39.7729091932637,0.0
"-13511,4428",-121.36688646098172,39.78189234609204,0.0
"-13511,4429",-121.36688646097905,39.79087549888877,0.0
"-13511,4430",-121.366886460975,39.79985865169615,0.0
"-13511,4431",-121.36688646097036,39.80884180454623,0.0
"-13511,4432",-121.36688646096596,39.81782495729229,0.0
"-13511,4433",-121.3668864609539,39.8268081101611,0.0
"-13511,4434",-121.36688646096444,39.835791262978816,0.0
"-13511,4435",-121.36688646097586,39.84477441579116,0.0
"-13511,4436",-121.36688646099589,39.85375756859407,0.0
"-13512,4386",-121.37586961381668,39.40459992783362,0.05455284324134103
"-13512,4387",-121.3758696137894,39.41358308060108,0.059929282595286286
"-13512,4388",-121.3758696137896,39.4225662334908,0.05192814068667844
"-13512,4389",-121.37586961379378,39.43154938629792,0.05730458004062371
"-13512,4390",-121.37586961378037,39.44053253910986,0.06369218802787288
"-13512,4391",-121.37586961380173,39.44951569188709,0.06369218802787288
"-13512,4392",-121.37586961381392,39.45849884470644,0.06369218802787288
"-13512,4393",-121.375869613809,39.46748199752359,0.05843969149905288
"-13512,4394",-121.37586961382392,39.47646515040631,0.05843969149905288
"-13512,4395",-121.37586961382137,39.48544830314916,0.05843969149905288
"-13512,4396",-121.37586961380904,39.49443145600627,0.05843969149905288
"-13512,4397",-121.37586961381704,39.503414608801535,0.06106439405371547
"-13512,4398",-121.37586961383056,39.51239776160755,0.06106439405371547
"-13512,4399",-121.37586961383488,39.52138091445482,0.059929282595286286
"-13512,4400",-121.37586961384442,39.53036406721338,0.06360511469445566
"-13512,4401",-121.37586961383757,39.53934722009315,0.06360511469445566
"-13512,4402",-121.37586961382875,39.54833037286027,0.06360511469445566
"-13512,4403",-121.37586961383263,39.557313525711024,0.05843969149905288
"-13512,4404",-121.37586961382748,39.56629667853512,0.06106439405371547
"-13512,4405",-121.37586961377598,39.57527983133532,0.0455153313057419
"-13512,4406",-121.37586961378254,39.58426298413932,0.044380219847312725
"-13512,4407",-121.3758696137806,39.59324613699185,0.0
"-13512,4408",-121.37586961378469,39.60222928972812,0.0
"-13512,4409",-121.37586961378676,39.61121244262747,0.0
"-13512,4410",-121.37586961378088,39.620195595380885,0.0
"-13512,4411",-121.37586961378835,39.62917874822554,0.0
"-13512,4412",-121.3758696137719,39.638161901058666,0.0
"-13512,4413",-121.37586961377734,39.64714505383687,0.0
"-13512,4414",-121.37586961378982,39.65612820668713,0.0
"-13512,4415",-121.37586961377887,39.66511135947144,0.0
"-13512,4416",-121.37586961378152,39.6740945123042,0.0
"-13512,4417",-121.37586961376924,39.68307766512353,0.0
"-13512,4418",-121.37586961376346,39.69206081788382,0.03667241555097729
"-13512,4419",-121.3758696137943,39.70104397077982,0.030160864738602845
"-13512,4420",-121.37586961378824,39.71002712351914,0.0
"-13512,4421",-121.3758696137666,39.71901027637903,0.0
"-13512,4422",-121.37586961378216,39.727993429172926,0.0
"-13512,4423",-121.37586961377512,39.73697658200385,0.0
"-13512,4424",-121.37586961375295,39.74595973483715,0.0
"-13512,4425",-121.37586961379796,39.75494288757388,0.0
"-13512,4426",-121.3758696138208,39.76392604046352,0.0
"-13512,4427",-121.37586961382917,39.772909193266266,0.0
"-13512,4428",-121.37586961381504,39.781892346079765,0.0
"-13512,4429",-121.37586961380175,39.79087549889166,0.0
"-13512,4430",-121.37586961380391,39.79985865169215,0.0
"-13512,4431",-121.37586961382236,39.80884180455837,0.0
"-13512,4432",-121.37586961382652,39.81782495728002,0.0
"-13512,4433",-121.375869613831,39.82680811016888,0.0
"-13512,4434",-121.37586961382966,39.835791262976464,0.0
"-13512,4435",-121.37586961381456,39.84477441579134,0.0
"-13512,4436",-121.37586961380715,39.85375756860133,0.0
"-13513,4386",-121.38485276661616,39.40459992782872,0.04701315187236076
"-13513,4387",-121.3848527666372,39.41358308060228,0.05730458004062371
"-13513,4388",-121.38485276662772,39.42256623348407,0.05730458004062371
"-13513,4389",-121.3848527666109,39.43154938629709,0.05843969149905288
"-13513,4390",-121.38485276664602,39.44053253912359,0.05843969149905288
"-13513,4391",-121.384852766651,39.449515691889104,0.06369218802787288
"-13513,4392",-121.3848527666335,39.45849884470127,0.05843969149905288
"-13513,4393",-121.38485276663036,39.467481997523954,0.06369218802787288
"-13513,4394",-121.38485276662678,39.476465150412686,0.05843969149905288
"-13513,4395",-121.38485276665284,39.4854483031568,0.06369218802787288
"-13513,4396",-121.38485276664888,39.4944314559889,0.05843969149905288
"-13513,4397",-121.3848527666156,39.50341460880384,0.0
"-13513,4398",-121.38485276661925,39.51239776161547,0.05843969149905288
"-13513,4399",-121.38485276662936,39.52138091445547,0.03667241555097729
"-13513,4400",-121.38485276661748,39.53036406721132,0.06360511469445566
"-13513,4401",-121.38485276661366,39.53934722008886,0.06360511469445566
"-13513,4402",-121.38485276661682,39.548330372861216,0.06885761122327566
"-13513,4403",-121.38485276661204,39.55731352570953,0.06360511469445566
"-13513,4404",-121.3848527666226,39.56629667853982,0.06360511469445566
"-13513,4405",-121.38485276667868,39.575279831333326,0.0455153313057419
"-13513,4406",-121.38485276667548,39.58426298414332,0.06106439405371547
"-13513,4407",-121.3848527666793,39.59324613698898,0.06106439405371547
"-13513,4408",-121.38485276667534,39.60222928973105,0.0
"-13513,4409",-121.38485276666434,39.61121244261926,0.0
"-13513,4410",-121.38485276665396,39.62019559537944,0.0
"-13513,4411",-121.3848527666518,39.62917874823017,0.0
"-13513,4412",-121.38485276667238,39.63816190105651,0.0
"-13513,4413",-121.38485276665592,39.64714505383246,0.0
"-13513,4414",-121.38485276663936,39.6561282066891,0.0
"-13513,4415",-121.38485276666847,39.66511135948025,0.0
"-13513,4416",-121.38485276665408,39.674094512288455,0.0
"-13513,4417",-121.38485276664002,39.68307766512368,0.0
"-13513,4418",-121.38485276665648,39.69206081788996,0.03667241555097729
"-13513,4419",-121.3848527666592,39.70104397079356,0.0
"-13513,4420",-121.38485276666272,39.71002712350389,0.0
"-13513,4421",-121.384852766659,39.719010276379294,0.0
"-13513,4422",-121.38485276667136,39.72799342918918,0.0
"-13513,4423",-121.38485276667808,39.73697658198736,0.0
"-13513,4424",-121.38485276667112,39.74595973483646,0.0
"-13513,4425",-121.38485276664254,39.75494288758426,0.0
"-13513,4426",-121.384852766645,39.76392604046807,0.0
"-13513,4427",-121.38485276661169,39.77290919324697,0.0
"-13513,4428",-121.38485276662476,39.78189234609842,0.0
"-13513,4429",-121.38485276664676,39.790875498878165,0.0
"-13513,4430",-121.38485276663346,39.79985865169906,0.0
"-13513,4431",-121.38485276663565,39.80884180456361,0.0
"-13513,4432",-121.3848527666472,39.81782495728405,0.0
"-13513,4433",-121.38485276664645,39.826808110167,0.0
"-13513,4434",-121.38485276663212,39.835791262969146,0.0
"-13513,4435",-121.3848527666277,39.84477441578717,0.0
"-13513,4436",-121.38485276662506,39.85375756859961,0.0
"-13514,4386",-121.39383591950316,39.40459992784142,0.06885761122327566
"-13514,4387",-121.39383591950612,39.41358308060392,0.06360511469445566
"-13514,4388",-121.39383591949648,39.42256623347104,0.06106439405371547
"-13514,4389",-121.39383591951112,39.43154938630882,0.06106439405371547
"-13514,4390",-121.39383591949031,39.4405325391204,0.05843969149905288
"-13514,4391",-121.39383591947096,39.44951569188372,0.06106439405371547
"-13514,4392",-121.39383591948304,39.45849884470343,0.05843969149905288
"-13514,4393",-121.39383591950492,39.46748199753296,0.05843969149905288
"-13514,4394",-121.39383591951294,39.47646515040634,0.05843969149905288
"-13514,4395",-121.39383591947868,39.48544830315823,0.05843969149905288
"-13514,4396",-121.39383591948376,39.49443145598815,0.06369218802787288
"-13514,4397",-121.3938359195047,39.50341460879725,0.05843969149905288
"-13514,4398",-121.39383591949048,39.51239776161575,0.05843969149905288
"-13514,4399",-121.3938359195004,39.52138091446714,0.0455153313057419
"-13514,4400",-121.39383591951965,39.53036406720405,0.030160864738602845
"-13514,4401",-121.3938359195178,39.539347220092736,0.06360511469445566
"-13514,4402",-121.39383591951798,39.5483303728593,0.06360511469445566
"-13514,4403",-121.393835919521,39.55731352571041,0.06360511469445566
"-13514,4404",-121.39383591951008,39.56629667853874,0.06360511469445566
"-13514,4405",-121.39383591949282,39.575279831330754,0.07463315174151301
"-13514,4406",-121.3938359194924,39.58426298414376,0.0455153313057419
"-13514,4407",-121.3938359194872,39.59324613698771,0.03667241555097729
"-13514,4408",-121.39383591948472,39.602229289728506,0.06106439405371547
"-13514,4409",-121.39383591948386,39.61121244261477,0.0
"-13514,4410",-121.39383591950596,39.62019559539085,0.0
"-13514,4411",-121.39383591951552,39.62917874822315,0.0
"-13514,4412",-121.3938359194977,39.63816190106518,0.0
"-13514,4413",-121.39383591949633,39.647145053813205,0.0
"-13514,4414",-121.3938359194896,39.656128206694575,0.0
"-13514,4415",-121.39383591948524,39.665111359489416,0.0
"-13514,4416",-121.39383591949765,39.67409451227809,0.0
"-13514,4417",-121.39383591951882,39.683077665138256,0.0
"-13514,4418",-121.39383591951328,39.69206081788184,0.03667241555097729
"-13514,4419",-121.39383591950238,39.70104397079683,0.030160864738602845
"-13514,4420",-121.39383591950748,39.7100271235057,0.0
"-13514,4421",-121.39383591951552,39.71901027638008,0.0
"-13514,4422",-121.3938359194892,39.72799342918015,0.0
"-13514,4423",-121.39383591947924,39.73697658199446,0.0
"-13514,4424",-121.39383591950885,39.74595973484277,0.0
"-13514,4425",-121.39383591948187,39.754942887598354,0.0
"-13514,4426",-121.39383591949414,39.76392604046266,0.0
"-13514,4427",-121.39383591950131,39.77290919323693,0.0
"-13514,4428",-121.39383591950416,39.78189234611784,0.0
"-13514,4429",-121.39383591950153,39.79087549887019,0.0
"-13514,4430",-121.39383591950102,39.79985865169889,0.0
"-13514,4431",-121.39383591949648,39.80884180456243,0.0
"-13514,4432",-121.39383591948,39.817824957282326,0.0
"-13514,4433",-121.39383591947283,39.826808110164045,0.0
"-13514,4434",-121.39383591947582,39.835791262965415,0.0
"-13514,4435",-121.39383591949652,39.84477441580047,0.03667241555097729
"-13514,4436",-121.39383591951322,39.85375756859459,0.03667241555097729
"-13515,4386",-121.40281907234076,39.40459992785359,0.06360511469445566
"-13515,4387",-121.4028190723556,39.41358308060238,0.06360511469445566
"-13515,4388",-121.4028190723671,39.42256623347368,0.06106439405371547
"-13515,4389",-121.40281907236034,39.43154938631087,0.06360511469445566
"-13515,4390",-121.40281907234292,39.44053253909556,0.06360511469445566
"-13515,4391",-121.40281907234478,39.44951569189813,0.05843969149905288
"-13515,4392",-121.40281907236478,39.45849884470814,0.06106439405371547
"-13515,4393",-121.40281907234318,39.46748199752842,0.06106439405371547
"-13515,4394",-121.4028190723119,39.47646515039705,0.05843969149905288
"-13515,4395",-121.4028190723214,39.48544830315278,0.05843969149905288
"-13515,4396",-121.4028190723189,39.494431455995134,0.05843969149905288
"-13515,4397",-121.40281907232058,39.50341460880375,0.05843969149905288
"-13515,4398",-121.402819072341,39.5123977616129,0.05843969149905288
"-13515,4399",-121.40281907234268,39.52138091447692,0.059929282595286286
"-13515,4400",-121.40281907233332,39.53036406720016,0.0
"-13515,4401",-121.40281907232728,39.539347220091926,0.03667241555097729
"-13515,4402",-121.40281907233214,39.54833037286313,0.06360511469445566
"-13515,4403",-121.40281907233305,39.557313525708906,0.06360511469445566
"-13515,4404",-121.40281907233066,39.566296678532346,0.07463315174151301
"-13515,4405",-121.4028190723326,39.57527983132804,0.06360511469445566
"-13515,4406",-121.40281907231518,39.584262984135904,0.0455153313057419
"-13515,4407",-121.40281907231534,39.59324613699256,0.03667241555097729
"-13515,4408",-121.40281907233378,39.602229289733145,0.030160864738602845
"-13515,4409",-121.40281907234878,39.61121244261852,0.0
"-13515,4410",-121.4028190723454,39.620195595398215,0.0
"-13515,4411",-121.40281907232249,39.62917874820788,0.0
"-13515,4412",-121.4028190723101,39.63816190106255,0.0
"-13515,4413",-121.4028190723314,39.647145053827664,0.0
"-13515,4414",-121.4028190723422,39.65612820668253,0.0
"-13515,4415",-121.4028190723188,39.66511135948499,0.0
"-13515,4416",-121.40281907232747,39.67409451229502,0.0
"-13515,4417",-121.40281907232588,39.68307766513293,0.0
"-13515,4418",-121.40281907231284,39.69206081787617,0.03667241555097729
"-13515,4419",-121.40281907232531,39.70104397080343,0.03667241555097729
"-13515,4420",-121.40281907234149,39.71002712351168,0.035537304092548114
"-13515,4421",-121.4028190723308,39.71901027637257,0.0
"-13515,4422",-121.40281907234592,39.72799342918102,0.0
"-13515,4423",-121.40281907236503,39.73697658199897,0.0
"-13515,4424",-121.40281907232814,39.74595973483397,0.0
"-13515,4425",-121.40281907234667,39.75494288760218,0.0
"-13515,4426",-121.40281907233133,39.76392604045699,0.0
"-13515,4427",-121.40281907233468,39.77290919324882,0.0
"-13515,4428",-121.40281907232612,39.7818923461026,0.0
"-13515,4429",-121.40281907233584,39.79087549888961,0.0
"-13515,4430",-121.40281907235769,39.799858651692055,0.0
"-13515,4431",-121.40281907234537,39.80884180455933,0.0
"-13515,4432",-121.4028190723359,39.817824957270105,0.0
"-13515,4433",-121.4028190723388,39.82680811017377,0.0
"-13515,4434",-121.4028190723529,39.83579126296576,0.0
"-13515,4435",-121.402819072325,39.844774415795925,0.03667241555097729
"-13515,4436",-121.402819072301,39.853757568594816,0.0
"-13516,4386",-121.41180222515374,39.40459992783893,0.07349804028308382
"-13516,4387",-121.41180222513638,39.41358308061556,0.06360511469445566
"-13516,4388",-121.41180222514724,39.42256623347385,0.06360511469445566
"-13516,4389",-121.4118022251491,39.431549386307765,0.06360511469445566
"-13516,4390",-121.41180222516498,39.44053253909775,0.06106439405371547
"-13516,4391",-121.41180222517134,39.44951569190083,0.06106439405371547
"-13516,4392",-121.4118022251464,39.45849884470248,0.06106439405371547
"-13516,4393",-121.41180222513567,39.46748199751482,0.06106439405371547
"-13516,4394",-121.4118022251604,39.47646515040673,0.06106439405371547
"-13516,4395",-121.41180222516086,39.48544830314903,0.06106439405371547
"-13516,4396",-121.41180222516697,39.494431456001024,0.05843969149905288
"-13516,4397",-121.41180222518634,39.5034146088104,0.06369218802787288
"-13516,4398",-121.41180222515914,39.51239776160218,0.05843969149905288
"-13516,4399",-121.41180222513776,39.52138091447596,0.05843969149905288
"-13516,4400",-121.41180222513664,39.53036406719488,0.03667241555097729
"-13516,4401",-121.411802225134,39.53934722009205,0.03667241555097729
"-13516,4402",-121.4118022251442,39.548330372872,0.06360511469445566
"-13516,4403",-121.41180222515928,39.557313525709525,0.06360511469445566
"-13516,4404",-121.41180222515744,39.566296678529206,0.06360511469445566
"-13516,4405",-121.41180222515302,39.57527983132971,0.06360511469445566
"-13516,4406",-121.4118022251692,39.58426298413352,0.059929282595286286
"-13516,4407",-121.4118022251686,39.593246136994686,0.035537304092548114
"-13516,4408",-121.41180222515008,39.60222928973094,0.035537304092548114
"-13516,4409",-121.41180222513668,39.61121244262167,0.0
"-13516,4410",-121.41180222512914,39.6201955953886,0.0
"-13516,4411",-121.41180222514876,39.62917874821553,0.0
"-13516,4412",-121.41180222517367,39.63816190106233,0.0
"-13516,4413",-121.41180222517347,39.647145053840376,0.0
"-13516,4414",-121.41180222516245,39.6561282066697,0.03667241555097729
"-13516,4415",-121.4118022251638,39.66511135948476,0.0
"-13516,4416",-121.41180222515575,39.67409451229562,0.03667241555097729
"-13516,4417",-121.41180222515275,39.6830776651296,0.03667241555097729
"-13516,4418",-121.41180222516915,39.69206081788149,0.03667241555097729
"-13516,4419",-121.41180222516071,39.701043970800455,0.030160864738602845
"-13516,4420",-121.41180222514178,39.71002712351303,0.03667241555097729
"-13516,4421",-121.41180222515813,39.71901027637459,0.02524587592428517
"-13516,4422",-121.41180222515663,39.72799342918706,0.0
"-13516,4423",-121.4118022251292,39.736976581988,0.0
"-13516,4424",-121.41180222515096,39.745959734836,0.0
"-13516,4425",-121.41180222515506,39.75494288758692,0.0
"-13516,4426",-121.41180222514218,39.76392604045554,0.0
"-13516,4427",-121.41180222514926,39.77290919325642,0.0
"-13516,4428",-121.41180222516824,39.78189234610117,0.0
"-13516,4429",-121.41180222516168,39.79087549889288,0.0
"-13516,4430",-121.41180222514392,39.7998586516912,0.0
"-13516,4431",-121.41180222513134,39.80884180454552,0.0
"-13516,4432",-121.41180222513844,39.817824957282525,0.0
"-13516,4433",-121.41180222515707,39.82680811017407,0.03667241555097729
"-13516,4434",-121.41180222516546,39.83579126297871,0.03667241555097729
"-13516,4435",-121.41180222517112,39.84477441576987,0.0
"-13516,4436",-121.41180222515908,39.85375756859959,0.0
"-13517,4386",-121.42078537805962,39.40459992782866,0.07463315174151301
"-13517,4387",-121.42078537806051,39.413583080615965,0.062470003236026486
"-13517,4388",-121.42078537804038,39.4225662334679,0.06360511469445566
"-13517,4389",-121.42078537803592,39.43154938631216,0.06360511469445566
"-13517,4390",-121.42078537803911,39.44053253910475,0.06360511469445566
"-13517,4391",-121.42078537803695,39.44951569189632,0.06360511469445566
"-13517,4392",-121.42078537805055,39.45849884470023,0.06360511469445566
"-13517,4393",-121.42078537805637,39.467481997514106,0.06106439405371547
"-13517,4394",-121.42078537806182,39.47646515042542,0.0455153313057419
"-13517,4395",-121.42078537808318,39.485448303143336,0.05843969149905288
"-13517,4396",-121.4207853780538,39.49443145599287,0.05843969149905288
"-13517,4397",-121.4207853780242,39.50341460881243,0.06369218802787288
"-13517,4398",-121.42078537804667,39.51239776159736,0.05843969149905288
"-13517,4399",-121.4207853780615,39.521380914476886,0.06106439405371547
"-13517,4400",-121.42078537805374,39.53036406718864,0.059929282595286286
"-13517,4401",-121.42078537805332,39.53934722009646,0.03667241555097729
"-13517,4402",-121.4207853780453,39.5483303728689,0.06360511469445566
"-13517,4403",-121.42078537803036,39.557313525712686,0.03667241555097729
"-13517,4404",-121.42078537802966,39.56629667852454,0.035537304092548114
"-13517,4405",-121.4207853780352,39.575279831335045,0.03667241555097729
"-13517,4406",-121.4207853780476,39.58426298414518,0.03667241555097729
"-13517,4407",-121.42078537806756,39.59324613699452,0.03667241555097729
"-13517,4408",-121.4207853780576,39.602229289714174,0.035537304092548114
"-13517,4409",-121.420785378039,39.61121244261945,0.059929282595286286
"-13517,4410",-121.42078537804862,39.62019559539204,0.0
"-13517,4411",-121.42078537805772,39.62917874822913,0.0
"-13517,4412",-121.42078537805828,39.638161901063874,0.0
"-13517,4413",-121.42078537805092,39.64714505383434,0.0
"-13517,4414",-121.42078537805004,39.65612820666868,0.035537304092548114
"-13517,4415",-121.42078537804753,39.6651113594851,0.030622315278230432
"-13517,4416",-121.42078537805966,39.67409451229772,0.03667241555097729
"-13517,4417",-121.42078537806276,39.68307766512755,0.030160864738602845
"-13517,4418",-121.42078537804868,39.69206081788493,0.0
"-13517,4419",-121.42078537803376,39.70104397078315,0.0
"-13517,4420",-121.42078537804797,39.710027123527546,0.03667241555097729
"-13517,4421",-121.42078537804504,39.71901027636804,0.03667241555097729
"-13517,4422",-121.42078537802576,39.7279934291813,0.030160864738602845
"-13517,4423",-121.42078537804257,39.73697658198751,0.0
"-13517,4424",-121.4207853780424,39.74595973484927,0.0
"-13517,4425",-121.4207853780484,39.75494288757962,0.0
"-13517,4426",-121.42078537805244,39.763926040457626,0.0
"-13517,4427",-121.42078537804645,39.772909193254975,0.0
"-13517,4428",-121.42078537804667,39.78189234611399,0.0
"-13517,4429",-121.42078537803825,39.79087549887118,0.0
"-13517,4430",-121.42078537803545,39.79985865170077,0.0
"-13517,4431",-121.4207853780528,39.80884180453874,0.0
"-13517,4432",-121.42078537806836,39.817824957302655,0.03667241555097729
"-13517,4433",-121.42078537805148,39.82680811015501,0.03667241555097729
"-13517,4434",-121.4207853780254,39.83579126298733,0.0
"-13517,4435",-121.42078537804962,39.84477441577887,0.0
"-13517,4436",-121.420785378064,39.85375756859201,0.0
"-13518,4386",-121.4297685308287,39.404599927835456,0.06360511469445566
"-13518,4387",-121.42976853081925,39.41358308060405,0.06885761122327566
"-13518,4388",-121.42976853082035,39.42256623346847,0.06360511469445566
"-13518,4389",-121.4297685308171,39.43154938630703,0.06885761122327566
"-13518,4390",-121.429768530817,39.440532539111736,0.07463315174151301
"-13518,4391",-121.42976853081878,39.44951569188908,0.07349804028308382
"-13518,4392",-121.42976853081618,39.45849884471406,0.06824554375426382
"-13518,4393",-121.42976853083913,39.46748199751744,0.06360511469445566
"-13518,4394",-121.4297685308278,39.47646515041863,0.06360511469445566
"-13518,4395",-121.4297685307966,39.485448303144246,0.06360511469445566
"-13518,4396",-121.42976853081144,39.49443145598332,0.05843969149905288
"-13518,4397",-121.42976853082132,39.50341460881022,0.05730458004062371
"-13518,4398",-121.42976853081127,39.51239776160696,0.05843969149905288
"-13518,4399",-121.42976853079564,39.52138091446679,0.06106439405371547
"-13518,4400",-121.42976853081116,39.53036406720336,0.06106439405371547
"-13518,4401",-121.42976853083596,39.53934722009629,0.03667241555097729
"-13518,4402",-121.42976853082595,39.54833037285833,0.06360511469445566
"-13518,4403",-121.4297685308315,39.55731352571765,0.03667241555097729
"-13518,4404",-121.42976853083078,39.56629667851876,0.03667241555097729
"-13518,4405",-121.42976853082448,39.57527983134037,0.03667241555097729
"-13518,4406",-121.42976853082688,39.58426298414866,0.03667241555097729
"-13518,4407",-121.42976853082992,39.59324613700469,0.035537304092548114
"-13518,4408",-121.42976853084107,39.60222928970472,0.059929282595286286
"-13518,4409",-121.42976853083849,39.61121244261631,0.0
"-13518,4410",-121.42976853082966,39.620195595395614,0.0
"-13518,4411",-121.42976853082207,39.62917874822646,0.03667241555097729
"-13518,4412",-121.42976853081446,39.63816190106236,0.06106439405371547
"-13518,4413",-121.42976853081436,39.647145053831416,0.03667241555097729
"-13518,4414",-121.42976853082234,39.656128206675824,0.035537304092548114
"-13518,4415",-121.42976853082348,39.66511135947716,0.03667241555097729
"-13518,4416",-121.42976853080955,39.67409451230464,0.03667241555097729
"-13518,4417",-121.42976853081068,39.68307766512309,0.0
"-13518,4418",-121.4297685308274,39.69206081789095,0.0
"-13518,4419",-121.42976853083596,39.70104397077337,0.0
"-13518,4420",-121.42976853081456,39.71002712353305,0.0
"-13518,4421",-121.4297685308156,39.719010276361466,0.03667241555097729
"-13518,4422",-121.429768530831,39.72799342918558,0.030160864738602845
"-13518,4423",-121.42976853083891,39.73697658199785,0.0
"-13518,4424",-121.4297685308468,39.745959734843495,0.0
"-13518,4425",-121.42976853080842,39.75494288759285,0.0
"-13518,4426",-121.42976853083007,39.76392604045958,0.0
"-13518,4427",-121.42976853083604,39.77290919325303,0.0
"-13518,4428",-121.42976853082509,39.78189234610964,0.0
"-13518,4429",-121.42976853082916,39.79087549887293,0.0
"-13518,4430",-121.42976853081755,39.79985865169053,0.0
"-13518,4431",-121.42976853080472,39.80884180455161,0.03667241555097729
"-13518,4432",-121.42976853079809,39.81782495729505,0.03667241555097729
"-13518,4433",-121.42976853079831,39.8268081101528,0.0
"-13518,4434",-121.4297685308198,39.83579126298683,0.0
"-13518,4435",-121.429768530825,39.8447744157967,0.0
"-13518,4436",-121.42976853082142,39.85375756858055,0.0
"-13519,4386",-121.43875168370236,39.40459992783294,0.06360511469445566
"-13519,4387",-121.43875168371926,39.41358308061098,0.06360511469445566
"-13519,4388",-121.43875168373356,39.42256623347072,0.06360511469445566
"-13519,4389",-121.43875168374583,39.43154938631017,0.06360511469445566
"-13519,4390",-121.4387516837412,39.440532539105725,0.062470003236026486
"-13519,4391",-121.43875168372698,39.44951569188767,0.06824554375426382
"-13519,4392",-121.43875168371753,39.458498844708295,0.07349804028308382
"-13519,4393",-121.43875168372028,39.46748199753851,0.07349804028308382
"-13519,4394",-121.43875168372024,39.47646515039081,0.057431071596583554
"-13519,4395",-121.43875168370931,39.48544830314696,0.05755501442170882
"-13519,4396",-121.43875168373977,39.494431456007625,0.06360511469445566
"-13519,4397",-121.43875168375185,39.50341460879898,0.05843969149905288
"-13519,4398",-121.43875168374603,39.51239776160877,0.05843969149905288
"-13519,4399",-121.43875168375912,39.52138091446346,0.06360511469445566
"-13519,4400",-121.43875168375368,39.530364067212666,0.06360511469445566
"-13519,4401",-121.43875168371468,39.53934722007858,0.06360511469445566
"-13519,4402",-121.43875168370822,39.54833037286623,0.07463315174151301
"-13519,4403",-121.43875168371244,39.55731352571557,0.07463315174151301
"-13519,4404",-121.43875168371235,39.56629667852037,0.06984732259045438
"-13519,4405",-121.43875168376032,39.575279831336815,0.06360511469445566
"-13519,4406",-121.43875168372904,39.58426298413508,0.03667241555097729
"-13519,4407",-121.43875168371582,39.593246137012216,0.03667241555097729
"-13519,4408",-121.43875168372811,39.60222928971112,0.03667241555097729
"-13519,4409",-121.4387516837422,39.61121244261674,0.03667241555097729
"-13519,4410",-121.43875168373616,39.62019559538637,0.035537304092548114
"-13519,4411",-121.43875168371748,39.62917874822012,0.044380219847312725
"-13519,4412",-121.4387516837161,39.63816190106337,0.0
"-13519,4413",-121.4387516837239,39.64714505383495,0.0
"-13519,4414",-121.43875168372584,39.65612820667816,0.0
"-13519,4415",-121.43875168374494,39.66511135948681,0.03667241555097729
"-13519,4416",-121.43875168375064,39.67409451229015,0.03667241555097729
"-13519,4417",-121.43875168372792,39.68307766512478,0.030160864738602845
"-13519,4418",-121.4387516837067,39.69206081788659,0.0
"-13519,4419",-121.43875168371692,39.70104397078887,0.0
"-13519,4420",-121.43875168375052,39.710027123524746,0.0
"-13519,4421",-121.4387516837474,39.71901027636855,0.03667241555097729
"-13519,4422",-121.43875168373066,39.72799342917772,0.0
"-13519,4423",-121.43875168371468,39.73697658200092,0.0
"-13519,4424",-121.4387516837069,39.74595973484049,0.0
"-13519,4425",-121.43875168375295,39.75494288760039,0.0
"-13519,4426",-121.4387516837459,39.76392604046063,0.0
"-13519,4427",-121.43875168372443,39.77290919324282,0.0
"-13519,4428",-121.43875168371171,39.78189234610586,0.0
"-13519,4429",-121.4387516837133,39.79087549888005,0.0
"-13519,4430",-121.43875168372983,39.79985865168634,0.03667241555097729
"-13519,4431",-121.43875168373935,39.80884180455384,0.03667241555097729
"-13519,4432",-121.4387516837494,39.817824957294825,0.0
"-13519,4433",-121.4387516837586,39.8268081101586,0.0
"-13519,4434",-121.4387516837294,39.835791262976485,0.0
"-13519,4435",-121.43875168372313,39.84477441580639,0.0
"-13519,4436",-121.4387516837316,39.85375756857373,0.0
"-13520,4386",-121.44773483653304,39.40459992782557,0.06360511469445566
"-13520,4387",-121.44773483652337,39.41358308062266,0.06360511469445566
"-13520,4388",-121.44773483652904,39.42256623347096,0.06360511469445566
"-13520,4389",-121.44773483652816,39.43154938631676,0.06360511469445566
"-13520,4390",-121.44773483651952,39.44053253909119,0.07349804028308382
"-13520,4391",-121.4477348365173,39.44951569189242,0.07349804028308382
"-13520,4392",-121.44773483652214,39.45849884470077,0.07463315174151301
"-13520,4393",-121.447734836519,39.467481997545775,0.06812160092913856
"-13520,4394",-121.44773483654453,39.47646515039874,0.06812160092913856
"-13520,4395",-121.44773483655446,39.48544830313845,0.0677224997648465
"-13520,4396",-121.4477348365114,39.49443145600864,0.06885761122327566
"-13520,4397",-121.44773483651934,39.503414608809855,0.05755501442170882
"-13520,4398",-121.4477348365252,39.51239776159794,0.06360511469445566
"-13520,4399",-121.447734836514,39.52138091447542,0.062470003236026486
"-13520,4400",-121.44773483652432,39.530364067203614,0.06885761122327566
"-13520,4401",-121.44773483653928,39.53934722007335,0.07463315174151301
"-13520,4402",-121.44773483653702,39.54833037286627,0.04393324442988737
"-13520,4403",-121.4477348365405,39.55731352572012,0.04393324442988737
"-13520,4404",-121.4477348365416,39.56629667851643,0.04393324442988737
"-13520,4405",-121.44773483648038,39.575279831332864,0.07463315174151301
"-13520,4406",-121.44773483649024,39.58426298412631,0.06360511469445566
"-13520,4407",-121.44773483648194,39.5932461370082,0.06360511469445566
"-13520,4408",-121.44773483648537,39.60222928972445,0.062470003236026486
"-13520,4409",-121.447734836501,39.61121244262108,0.059929282595286286
"-13520,4410",-121.44773483649836,39.620195595376885,0.06106439405371547
"-13520,4411",-121.44773483649855,39.62917874821863,0.0
"-13520,4412",-121.4477348364952,39.63816190106208,0.0
"-13520,4413",-121.447734836489,39.64714505383714,0.0
"-13520,4414",-121.447734836501,39.65612820668422,0.0
"-13520,4415",-121.44773483650062,39.66511135949185,0.03667241555097729
"-13520,4416",-121.4477348364884,39.67409451228123,0.03667241555097729
"-13520,4417",-121.44773483650113,39.68307766512776,0.0
"-13520,4418",-121.44773483652376,39.69206081788444,0.0
"-13520,4419",-121.44773483650502,39.701043970786,0.0
"-13520,4420",-121.44773483648858,39.71002712353776,0.03667241555097729
"-13520,4421",-121.44773483650437,39.71901027636303,0.03667241555097729
"-13520,4422",-121.4477348365148,39.72799342917954,0.0
"-13520,4423",-121.44773483650488,39.73697658198379,0.0
"-13520,4424",-121.44773483648204,39.745959734839495,0.0
"-13520,4425",-121.44773483650556,39.75494288758929,0.0
"-13520,4426",-121.44773483650854,39.763926040469336,0.0
"-13520,4427",-121.44773483655032,39.772909193246136,0.0
"-13520,4428",-121.44773483654136,39.78189234608974,0.03667241555097729
"-13520,4429",-121.44773483651858,39.79087549888363,0.03667241555097729
"-13520,4430",-121.4477348365344,39.79985865170185,0.03667241555097729
"-13520,4431",-121.44773483652872,39.80884180454061,0.0
"-13520,4432",-121.44773483651588,39.81782495730638,0.0
"-13520,4433",-121.447734836519,39.8268081101543,0.0
"-13520,4434",-121.4477348365455,39.83579126297919,0.0
"-13520,4435",-121.44773483653522,39.844774415793935,0.0
"-13520,4436",-121.44773483653196,39.85375756858928,0.0
"-13521,4386",-121.45671798936718,39.40459992782596,0.06885761122327566
"-13521,4387",-121.45671798935392,39.41358308060859,0.06360511469445566
"-13521,4388",-121.45671798933596,39.42256623347769,0.05755501442170882
"-13521,4389",-121.45671798933438,39.4315493863086,0.06234606041090123
"-13521,4390",-121.45671798934283,39.44053253909925,0.06858305146876616
"-13521,4391",-121.45671798936878,39.44951569189851,0.07349804028308382
"-13521,4392",-121.456717989366,39.45849884469591,0.07349804028308382
"-13521,4393",-121.45671798934194,39.46748199753439,0.07349804028308382
"-13521,4394",-121.45671798931949,39.47646515041197,0.07349804028308382
"-13521,4395",-121.45671798933532,39.4854483031406,0.05709356388208123
"-13521,4396",-121.45671798937444,39.494431456004136,0.07463315174151301
"-13521,4397",-121.45671798935447,39.50341460880718,0.07463315174151301
"-13521,4398",-121.45671798933458,39.512397761592254,0.06360511469445566
"-13521,4399",-121.45671798933768,39.521380914476296,0.06360511469445566
"-13521,4400",-121.45671798934008,39.530364067210286,0.06360511469445566
"-13521,4401",-121.45671798935778,39.53934722008613,0.06360511469445566
"-13521,4402",-121.4567179893534,39.548330372849534,0.07463315174151301
"-13521,4403",-121.45671798933242,39.55731352572646,0.04393324442988737
"-13521,4404",-121.45671798936272,39.56629667852874,0.07463315174151301
"-13521,4405",-121.45671798939992,39.57527983133297,0.07463315174151301
"-13521,4406",-121.45671798939972,39.58426298413193,0.06360511469445566
"-13521,4407",-121.4567179894125,39.59324613700523,0.059929282595286286
"-13521,4408",-121.45671798940074,39.60222928972247,0.06106439405371547
"-13521,4409",-121.456717989365,39.61121244261117,0.06106439405371547
"-13521,4410",-121.45671798936444,39.620195595384914,0.06106439405371547
"-13521,4411",-121.45671798937715,39.62917874821827,0.0
"-13521,4412",-121.45671798938808,39.63816190106697,0.0
"-13521,4413",-121.45671798939588,39.6471450538332,0.0
"-13521,4414",-121.4567179893855,39.65612820668913,0.0
"-13521,4415",-121.45671798937306,39.66511135947933,0.03667241555097729
"-13521,4416",-121.4567179893728,39.67409451228639,0.03667241555097729
"-13521,4417",-121.4567179893766,39.68307766513242,0.059929282595286286
"-13521,4418",-121.45671798936247,39.69206081788484,0.0
"-13521,4419",-121.45671798937404,39.70104397078136,0.0
"-13521,4420",-121.4567179893894,39.71002712354173,0.03667241555097729
"-13521,4421",-121.45671798938656,39.7190102763667,0.03667241555097729
"-13521,4422",-121.45671798938665,39.72799342918213,0.0
"-13521,4423",-121.45671798939024,39.73697658197748,0.0
"-13521,4424",-121.45671798941164,39.74595973484495,0.0
"-13521,4425",-121.45671798936822,39.75494288757209,0.03667241555097729
"-13521,4426",-121.45671798935057,39.76392604047785,0.03667241555097729
"-13521,4427",-121.45671798934356,39.77290919325815,0.03667241555097729
"-13521,4428",-121.45671798936834,39.78189234608712,0.0
"-13521,4429",-121.4567179893874,39.79087549888404,0.0
"-13521,4430",-121.45671798934929,39.79985865168827,0.0
"-13521,4431",-121.45671798934278,39.80884180454698,0.0
"-13521,4432",-121.45671798934583,39.81782495729424,0.0
"-13521,4433",-121.4567179893434,39.82680811016683,0.0
"-13521,4434",-121.45671798934976,39.83579126298606,0.0
"-13521,4435",-121.45671798934984,39.84477441578106,0.0
"-13521,4436",-121.45671798935103,39.85375756860093,0.0
"-13522,4386",-121.4657011422422,39.40459992783441,0.06360511469445566
"-13522,4387",-121.46570114225511,39.413583080599935,0.06360511469445566
"-13522,4388",-121.46570114227258,39.422566233486044,0.06360511469445566
"-13522,4389",-121.4657011422795,39.43154938630343,0.06360511469445566
"-13522,4390",-121.46570114226084,39.44053253909835,0.06885761122327566
"-13522,4391",-121.4657011422308,39.44951569189696,0.0677224997648465
"-13522,4392",-121.4657011422347,39.45849884469813,0.06858305146876616
"-13522,4393",-121.46570114225752,39.46748199753141,0.05709356388208123
"-13522,4394",-121.46570114226856,39.47646515040817,0.062470003236026486
"-13522,4395",-121.4657011422597,39.48544830314855,0.07349804028308382
"-13522,4396",-121.4657011422314,39.49443145600261,0.07463315174151301
"-13522,4397",-121.46570114224272,39.50341460880357,0.06885761122327566
"-13522,4398",-121.46570114227175,39.5123977616013,0.06885761122327566
"-13522,4399",-121.46570114225857,39.52138091446123,0.06885761122327566
"-13522,4400",-121.46570114224664,39.53036406721966,0.06360511469445566
"-13522,4401",-121.46570114223653,39.53934722008128,0.06360511469445566
"-13522,4402",-121.46570114224244,39.54833037285527,0.07463315174151301
"-13522,4403",-121.46570114225796,39.55731352571749,0.04393324442988737
"-13522,4404",-121.46570114223007,39.566296678539125,0.04393324442988737
"-13522,4405",-121.46570114220911,39.57527983133224,0.07463315174151301
"-13522,4406",-121.46570114221124,39.58426298413376,0.06360511469445566
"-13522,4407",-121.46570114222128,39.59324613701696,0.06360511469445566
"-13522,4408",-121.46570114224669,39.60222928971884,0.06360511469445566
"-13522,4409",-121.46570114227232,39.61121244260879,0.06106439405371547
"-13522,4410",-121.4657011422675,39.6201955953841,0.06106439405371547
"-13522,4411",-121.46570114226212,39.62917874822341,0.06106439405371547
"-13522,4412",-121.4657011422479,39.63816190105985,0.0
"-13522,4413",-121.46570114222531,39.64714505383154,0.0
"-13522,4414",-121.46570114223988,39.65612820669325,0.0
"-13522,4415",-121.46570114225212,39.6651113594751,0.03667241555097729
"-13522,4416",-121.46570114226256,39.674094512296655,0.03667241555097729
"-13522,4417",-121.46570114226483,39.68307766512572,0.03667241555097729
"-13522,4418",-121.46570114226444,39.69206081788292,0.0
"-13522,4419",-121.46570114226188,39.70104397078861,0.0
"-13522,4420",-121.4657011422421,39.71002712353183,0.03667241555097729
"-13522,4421",-121.46570114224173,39.71901027637471,0.03667241555097729
"-13522,4422",-121.465701142232,39.72799342916843,0.03667241555097729
"-13522,4423",-121.46570114224096,39.73697658199858,0.03667241555097729
"-13522,4424",-121.46570114224652,39.74595973483979,0.03667241555097729
"-13522,4425",-121.4657011422423,39.75494288757571,0.03667241555097729
"-13522,4426",-121.46570114225644,39.76392604047211,0.03667241555097729
"-13522,4427",-121.4657011422512,39.772909193256645,0.0
"-13522,4428",-121.46570114224969,39.78189234610236,0.0
"-13522,4429",-121.46570114225231,39.7908754988816,0.0
"-13522,4430",-121.46570114225776,39.79985865167143,0.0
"-13522,4431",-121.46570114225092,39.80884180455594,0.0
"-13522,4432",-121.46570114226168,39.81782495729347,0.0
"-13522,4433",-121.46570114227494,39.82680811017399,0.0
"-13522,4434",-121.4657011422461,39.83579126296566,0.0
"-13522,4435",-121.46570114224144,39.84477441579875,0.0
"-13522,4436",-121.46570114226142,39.85375756859573,0.0
"-13523,4386",-121.47468429504404,39.40459992784197,0.06885761122327566
"-13523,4387",-121.47468429504384,39.41358308059998,0.06360511469445566
"-13523,4388",-121.47468429503682,39.42256623349222,0.06360511469445566
"-13523,4389",-121.47468429504406,39.43154938630567,0.06360511469445566
"-13523,4390",-121.47468429506412,39.440532539096935,0.06885761122327566
"-13523,4391",-121.4746842950838,39.44951569189218,0.06280751095052882
"-13523,4392",-121.47468429507244,39.45849884469848,0.0677224997648465
"-13523,4393",-121.4746842950511,39.46748199753193,0.06885761122327566
"-13523,4394",-121.47468429504262,39.476465150409176,0.062470003236026486
"-13523,4395",-121.4746842950544,39.48544830314925,0.06280751095052882
"-13523,4396",-121.47468429507812,39.49443145599919,0.06858305146876616
"-13523,4397",-121.4746842950695,39.50341460880858,0.06360511469445566
"-13523,4398",-121.47468429504262,39.51239776159759,0.06360511469445566
"-13523,4399",-121.47468429504978,39.52138091446135,0.06360511469445566
"-13523,4400",-121.47468429505336,39.530364067214606,0.06360511469445566
"-13523,4401",-121.47468429504522,39.53934722007544,0.07463315174151301
"-13523,4402",-121.47468429504816,39.54833037286636,0.04393324442988737
"-13523,4403",-121.47468429506084,39.55731352572319,0.07463315174151301
"-13523,4404",-121.47468429506137,39.56629667851714,0.07463315174151301
"-13523,4405",-121.47468429508808,39.575279831331024,0.07463315174151301
"-13523,4406",-121.47468429508612,39.584262984135066,0.07463315174151301
"-13523,4407",-121.47468429507155,39.59324613701294,0.07463315174151301
"-13523,4408",-121.47468429505852,39.60222928973017,0.06360511469445566
"-13523,4409",-121.4746842950612,39.61121244261428,0.06360511469445566
"-13523,4410",-121.4746842950664,39.62019559537885,0.06360511469445566
"-13523,4411",-121.47468429505024,39.62917874821586,0.06360511469445566
"-13523,4412",-121.4746842950494,39.63816190105848,0.035537304092548114
"-13523,4413",-121.47468429507126,39.64714505383252,0.0
"-13523,4414",-121.47468429504885,39.656128206687626,0.0
"-13523,4415",-121.47468429503444,39.66511135947946,0.035537304092548114
"-13523,4416",-121.4746842950492,39.674094512307214,0.06360511469445566
"-13523,4417",-121.47468429504856,39.68307766511612,0.035537304092548114
"-13523,4418",-121.474684295033,39.69206081788308,0.0
"-13523,4419",-121.4746842950462,39.70104397079474,0.0
"-13523,4420",-121.47468429505048,39.71002712351649,0.035537304092548114
"-13523,4421",-121.47468429502378,39.71901027637405,0.035537304092548114
"-13523,4422",-121.47468429504788,39.72799342917757,0.030160864738602845
"-13523,4423",-121.47468429506256,39.736976582003415,0.03667241555097729
"-13523,4424",-121.4746842950528,39.74595973483247,0.03667241555097729
"-13523,4425",-121.47468429505524,39.75494288758202,0.035537304092548114
"-13523,4426",-121.474684295041,39.763926040465726,0.0
"-13523,4427",-121.47468429502428,39.77290919325007,0.0
"-13523,4428",-121.47468429501936,39.78189234610513,0.0
"-13523,4429",-121.47468429503364,39.79087549888882,0.0
"-13523,4430",-121.4746842950588,39.799858651682285,0.0
"-13523,4431",-121.47468429506591,39.80884180454523,0.0
"-13523,4432",-121.47468429503982,39.81782495729512,0.0
"-13523,4433",-121.47468429501728,39.82680811016686,0.0
"-13523,4434",-121.47468429503508,39.83579126296629,0.0
"-13523,4435",-121.4746842950556,39.84477441580744,0.0
"-13523,4436",-121.47468429504976,39.853757568595405,0.0
"-13524,4386",-121.48366744790894,39.40459992783963,0.06885761122327566
"-13524,4387",-121.48366744792035,39.413583080609015,0.06360511469445566
"-13524,4388",-121.4836674479255,39.42256623348207,0.06360511469445566
"-13524,4389",-121.48366744790238,39.43154938630634,0.06885761122327566
"-13524,4390",-121.48366744790312,39.44053253910868,0.05755501442170882
"-13524,4391",-121.48366744789706,39.44951569188856,0.0677224997648465
"-13524,4392",-121.4836674479139,39.458498844705375,0.0677224997648465
"-13524,4393",-121.48366744793852,39.467481997527,0.06280751095052882
"-13524,4394",-121.4836674479403,39.47646515041012,0.06885761122327566
"-13524,4395",-121.48366744794204,39.485448303156346,0.06885761122327566
"-13524,4396",-121.4836674479286,39.49443145599825,0.06360511469445566
"-13524,4397",-121.4836674479142,39.503414608795794,0.06885761122327566
"-13524,4398",-121.48366744791298,39.51239776159365,0.07463315174151301
"-13524,4399",-121.48366744790978,39.52138091446763,0.07463315174151301
"-13524,4400",-121.48366744792068,39.53036406721694,0.06360511469445566
"-13524,4401",-121.4836674479442,39.53934722008225,0.06360511469445566
"-13524,4402",-121.48366744794284,39.54833037286049,0.07463315174151301
"-13524,4403",-121.483667447917,39.55731352572125,0.06360511469445566
"-13524,4404",-121.48366744791016,39.56629667851531,0.06360511469445566
"-13524,4405",-121.48366744786917,39.57527983132441,0.06360511469445566
"-13524,4406",-121.48366744787054,39.58426298414134,0.044380219847312725
"-13524,4407",-121.48366744788348,39.593246137005714,0.06360511469445566
"-13524,4408",-121.48366744787737,39.60222928972602,0.07463315174151301
"-13524,4409",-121.48366744785945,39.61121244260941,0.07463315174151301
"-13524,4410",-121.4836674478508,39.62019559538168,0.06360511469445566
"-13524,4411",-121.48366744786745,39.62917874821333,0.06360511469445566
"-13524,4412",-121.48366744788736,39.63816190107232,0.03667241555097729
"-13524,4413",-121.48366744788667,39.64714505383122,0.0
"-13524,4414",-121.48366744790206,39.65612820668476,0.03667241555097729
"-13524,4415",-121.4836674479046,39.6651113594753,0.03667241555097729
"-13524,4416",-121.483667447886,39.67409451230909,0.06360511469445566
"-13524,4417",-121.48366744788298,39.68307766511209,0.035537304092548114
"-13524,4418",-121.4836674479028,39.69206081788968,0.03667241555097729
"-13524,4419",-121.483667447901,39.701043970794856,0.030622315278230432
"-13524,4420",-121.48366744787792,39.71002712350526,0.0
"-13524,4421",-121.483667447891,39.71901027637724,0.0
"-13524,4422",-121.48366744789566,39.727993429191386,0.0
"-13524,4423",-121.48366744787852,39.7369765819882,0.0
"-13524,4424",-121.48366744788326,39.74595973484469,0.0
"-13524,4425",-121.48366744792402,39.75494288759534,0.0
"-13524,4426",-121.48366744794072,39.76392604045383,0.0
"-13524,4427",-121.48366744794056,39.772909193252026,0.0
"-13524,4428",-121.48366744794656,39.78189234610382,0.0
"-13524,4429",-121.4836674479279,39.79087549888752,0.0
"-13524,4430",-121.4836674479144,39.79985865169048,0.0
"-13524,4431",-121.48366744793591,39.80884180455396,0.0
"-13524,4432",-121.48366744795482,39.81782495728212,0.0
"-13524,4433",-121.4836674479402,39.82680811015793,0.0
"-13524,4434",-121.48366744792196,39.83579126297496,0.0
"-13524,4435",-121.48366744791608,39.84477441580741,0.0
"-13524,4436",-121.48366744792128,39.85375756859506,0.0
"-13525,4386",-121.49265060074156,39.40459992783176,0.06360511469445566
"-13525,4387",-121.49265060072524,39.41358308061393,0.06885761122327566
"-13525,4388",-121.49265060072052,39.4225662334774,0.06885761122327566
"-13525,4389",-121.49265060073472,39.4315493863057,0.06885761122327566
"-13525,4390",-121.49265060073714,39.44053253911121,0.06885761122327566
"-13525,4391",-121.49265060074192,39.44951569188525,0.0677224997648465
"-13525,4392",-121.492650600727,39.45849884470982,0.06280751095052882
"-13525,4393",-121.49265060072214,39.4674819975343,0.06234606041090123
"-13525,4394",-121.49265060073454,39.47646515041126,0.0677224997648465
"-13525,4395",-121.49265060070424,39.4854483031382,0.06280751095052882
"-13525,4396",-121.49265060069712,39.49443145600415,0.06885761122327566
"-13525,4397",-121.4926506007204,39.50341460879519,0.06885761122327566
"-13525,4398",-121.49265060072275,39.51239776159496,0.06885761122327566
"-13525,4399",-121.4926506007408,39.52138091447517,0.07349804028308382
"-13525,4400",-121.49265060072828,39.53036406720839,0.06360511469445566
"-13525,4401",-121.49265060070108,39.53934722008862,0.06360511469445566
"-13525,4402",-121.49265060071824,39.54833037286352,0.06360511469445566
"-13525,4403",-121.49265060073353,39.55731352571193,0.06360511469445566
"-13525,4404",-121.4926506007404,39.56629667852466,0.06360511469445566
"-13525,4405",-121.49265060076176,39.57527983133007,0.06360511469445566
"-13525,4406",-121.49265060077371,39.58426298414357,0.05843969149905288
"-13525,4407",-121.49265060076796,39.59324613700776,0.06106439405371547
"-13525,4408",-121.4926506007674,39.60222928971998,0.0455153313057419
"-13525,4409",-121.49265060077238,39.61121244260777,0.06360511469445566
"-13525,4410",-121.4926506007815,39.620195595383606,0.07463315174151301
"-13525,4411",-121.49265060077956,39.62917874822014,0.07463315174151301
"-13525,4412",-121.49265060077391,39.63816190107396,0.06360511469445566
"-13525,4413",-121.49265060077178,39.64714505382791,0.03667241555097729
"-13525,4414",-121.49265060075112,39.65612820668493,0.06984732259045438
"-13525,4415",-121.49265060075544,39.6651113594792,0.06360511469445566
"-13525,4416",-121.4926506007696,39.67409451230257,0.06360511469445566
"-13525,4417",-121.49265060077148,39.68307766511792,0.03667241555097729
"-13525,4418",-121.4926506007684,39.69206081789374,0.035537304092548114
"-13525,4419",-121.49265060075886,39.701043970784085,0.035537304092548114
"-13525,4420",-121.49265060076584,39.710027123506514,0.0455153313057419
"-13525,4421",-121.49265060076723,39.71901027638453,0.0
"-13525,4422",-121.49265060075474,39.72799342917943,0.0
"-13525,4423",-121.49265060076496,39.73697658199609,0.0
"-13525,4424",-121.49265060076034,39.74595973483684,0.0
"-13525,4425",-121.49265060071863,39.75494288760267,0.0
"-13525,4426",-121.49265060072162,39.76392604045812,0.0
"-13525,4427",-121.49265060073157,39.77290919325354,0.0
"-13525,4428",-121.49265060071768,39.78189234609764,0.0
"-13525,4429",-121.4926506007253,39.7908754988872,0.0
"-13525,4430",-121.4926506007324,39.79985865168704,0.0
"-13525,4431",-121.49265060071504,39.808841804559854,0.0
"-13525,4432",-121.49265060070304,39.81782495728026,0.0
"-13525,4433",-121.49265060071924,39.82680811016074,0.0
"-13525,4434",-121.49265060073292,39.835791262969416,0.0
"-13525,4435",-121.49265060072874,39.844774415807045,0.0
"-13525,4436",-121.49265060071411,39.85375756858984,0.0
"-13526,4386",-121.5016337535886,39.40459992783608,0.06885761122327566
"-13526,4387",-121.50163375358288,39.41358308059646,0.06885761122327566
"-13526,4388",-121.50163375358248,39.42256623349183,0.06885761122327566
"-13526,4389",-121.50163375358775,39.43154938630289,0.06885761122327566
"-13526,4390",-121.50163375357675,39.44053253910889,0.06885761122327566
"-13526,4391",-121.50163375358586,39.44951569189588,0.0677224997648465
"-13526,4392",-121.50163375358449,39.45849884468949,0.06885761122327566
"-13526,4393",-121.50163375357288,39.46748199754484,0.062470003236026486
"-13526,4394",-121.50163375356526,39.47646515040357,0.06885761122327566
"-13526,4395",-121.50163375357567,39.485448303134056,0.06885761122327566
"-13526,4396",-121.50163375357522,39.494431456003774,0.06885761122327566
"-13526,4397",-121.50163375357798,39.50341460881107,0.06885761122327566
"-13526,4398",-121.501633753605,39.51239776159656,0.06885761122327566
"-13526,4399",-121.50163375358244,39.52138091447091,0.06360511469445566
"-13526,4400",-121.5016337535849,39.53036406720665,0.06360511469445566
"-13526,4401",-121.50163375359529,39.53934722008038,0.06360511469445566
"-13526,4402",-121.50163375358474,39.5483303728757,0.06360511469445566
"-13526,4403",-121.50163375359848,39.557313525717,0.06360511469445566
"-13526,4404",-121.50163375359018,39.56629667851875,0.062470003236026486
"-13526,4405",-121.50163375356708,39.5752798313001,0.06360511469445566
"-13526,4406",-121.50163375355888,39.58426298414094,0.06360511469445566
"-13526,4407",-121.50163375355042,39.59324613700196,0.06106439405371547
"-13526,4408",-121.50163375355578,39.60222928972863,0.06106439405371547
"-13526,4409",-121.5016337535598,39.61121244260444,0.06360511469445566
"-13526,4410",-121.50163375356276,39.62019559539412,0.062470003236026486
"-13526,4411",-121.50163375357894,39.62917874821808,0.03667241555097729
"-13526,4412",-121.50163375357054,39.6381619010677,0.06360511469445566
"-13526,4413",-121.50163375356736,39.64714505383103,0.06360511469445566
"-13526,4414",-121.50163375358352,39.65612820667914,0.06360511469445566
"-13526,4415",-121.5016337535744,39.66511135948216,0.06360511469445566
"-13526,4416",-121.50163375356296,39.67409451230118,0.06360511469445566
"-13526,4417",-121.501633753577,39.68307766512875,0.03667241555097729
"-13526,4418",-121.50163375357891,39.6920608178822,0.035537304092548114
"-13526,4419",-121.50163375356212,39.70104397078005,0.035537304092548114
"-13526,4420",-121.5016337535702,39.710027123519446,0.03667241555097729
"-13526,4421",-121.50163375358092,39.7190102763788,0.0
"-13526,4422",-121.50163375357924,39.727993429176735,0.0
"-13526,4423",-121.50163375357914,39.73697658200481,0.0
"-13526,4424",-121.501633753588,39.745959734830606,0.0
"-13526,4425",-121.50163375359054,39.75494288758577,0.0
"-13526,4426",-121.50163375357155,39.76392604046554,0.0
"-13526,4427",-121.50163375356075,39.77290919324561,0.0
"-13526,4428",-121.50163375356549,39.781892346100136,0.0
"-13526,4429",-121.50163375357045,39.79087549889216,0.0
"-13526,4430",-121.50163375356732,39.79985865168444,0.0
"-13526,4431",-121.50163375356342,39.8088418045499,0.0
"-13526,4432",-121.50163375356593,39.81782495728461,0.0
"-13526,4433",-121.50163375358215,39.82680811017556,0.0
"-13526,4434",-121.50163375359,39.83579126296729,0.0
"-13526,4435",-121.50163375358107,39.84477441580147,0.0
"-13526,4436",-121.50163375359207,39.85375756859327,0.0
"-13527,4386",-121.51061690640309,39.40459992783834,0.06885761122327566
"-13527,4387",-121.51061690641338,39.41358308059691,0.06885761122327566
"-13527,4388",-121.51061690641764,39.42256623349368,0.06280751095052882
"-13527,4389",-121.51061690641438,39.43154938630227,0.06280751095052882
"-13527,4390",-121.5106169064264,39.44053253911009,0.06280751095052882
"-13527,4391",-121.51061690641606,39.44951569189396,0.06280751095052882
"-13527,4392",-121.51061690641296,39.45849884468875,0.06885761122327566
"-13527,4393",-121.5106169064088,39.46748199753621,0.06885761122327566
"-13527,4394",-121.51061690641764,39.476465150412906,0.06885761122327566
"-13527,4395",-121.51061690643984,39.48544830314413,0.06885761122327566
"-13527,4396",-121.51061690643776,39.494431455992185,0.06885761122327566
"-13527,4397",-121.5106169064186,39.50341460881292,0.06885761122327566
"-13527,4398",-121.51061690641886,39.51239776161097,0.06885761122327566
"-13527,4399",-121.51061690643029,39.52138091444987,0.06360511469445566
"-13527,4400",-121.51061690640138,39.530364067211934,0.06360511469445566
"-13527,4401",-121.51061690641356,39.53934722008854,0.06360511469445566
"-13527,4402",-121.51061690642057,39.54833037286541,0.06360511469445566
"-13527,4403",-121.5106169063933,39.55731352571925,0.06360511469445566
"-13527,4404",-121.51061690640634,39.56629667851934,0.06360511469445566
"-13527,4405",-121.51061690643586,39.57527983130332,0.06360511469445566
"-13527,4406",-121.51061690644411,39.58426298413776,0.06360511469445566
"-13527,4407",-121.51061690645388,39.59324613700591,0.06360511469445566
"-13527,4408",-121.51061690644308,39.60222928972145,0.05730458004062371
"-13527,4409",-121.51061690643962,39.61121244261192,0.05843969149905288
"-13527,4410",-121.51061690644374,39.62019559539088,0.05843969149905288
"-13527,4411",-121.51061690641096,39.62917874821144,0.06106439405371547
"-13527,4412",-121.51061690640714,39.63816190106711,0.06106439405371547
"-13527,4413",-121.51061690641016,39.64714505383152,0.06106439405371547
"-13527,4414",-121.51061690641168,39.656128206689125,0.06360511469445566
"-13527,4415",-121.51061690641892,39.66511135947111,0.06984732259045438
"-13527,4416",-121.51061690642356,39.67409451230817,0.03667241555097729
"-13527,4417",-121.510616906419,39.68307766512736,0.059929282595286286
"-13527,4418",-121.51061690641248,39.69206081788085,0.05455284324134103
"-13527,4419",-121.51061690642504,39.701043970778905,0.035537304092548114
"-13527,4420",-121.5106169064414,39.71002712353504,0.06106439405371547
"-13527,4421",-121.51061690643948,39.71901027636844,0.0
"-13527,4422",-121.51061690643331,39.72799342918246,0.0
"-13527,4423",-121.5106169064146,39.73697658198798,0.0
"-13527,4424",-121.51061690639922,39.74595973484357,0.0
"-13527,4425",-121.51061690642388,39.75494288758887,0.0
"-13527,4426",-121.51061690642828,39.76392604045383,0.0
"-13527,4427",-121.51061690642656,39.77290919324995,0.0
"-13527,4428",-121.51061690644843,39.78189234611151,0.0
"-13527,4429",-121.51061690643368,39.790875498875,0.0
"-13527,4430",-121.51061690642756,39.79985865169618,0.0
"-13527,4431",-121.51061690643746,39.80884180454168,0.0
"-13527,4432",-121.51061690643928,39.81782495729539,0.0
"-13527,4433",-121.51061690643344,39.82680811017087,0.0
"-13527,4434",-121.51061690642706,39.83579126297284,0.0
"-13527,4435",-121.5106169064344,39.844774415794966,0.0
"-13527,4436",-121.51061690641072,39.85375756859228,0.0
"-13528,4386",-121.51960005931268,39.40459992784288,0.057431071596583554
"-13528,4387",-121.5196000593169,39.41358308060104,0.06280751095052882
"-13528,4388",-121.519600059302,39.42256623348317,0.0677224997648465
"-13528,4389",-121.51960005929055,39.43154938630403,0.06885761122327566
"-13528,4390",-121.5196000592812,39.440532539109874,0.0677224997648465
"-13528,4391",-121.51960005928096,39.44951569188788,0.06885761122327566
"-13528,4392",-121.5196000592971,39.45849884470262,0.06885761122327566
"-13528,4393",-121.51960005931444,39.46748199753018,0.06885761122327566
"-13528,4394",-121.5196000592884,39.4764651504087,0.06885761122327566
"-13528,4395",-121.51960005926236,39.48544830314604,0.06885761122327566
"-13528,4396",-121.51960005928828,39.49443145600447,0.06885761122327566
"-13528,4397",-121.51960005930611,39.50341460879984,0.06885761122327566
"-13528,4398",-121.51960005929378,39.512397761616846,0.06360511469445566
"-13528,4399",-121.5196000592877,39.52138091444716,0.06360511469445566
"-13528,4400",-121.51960005930889,39.53036406721005,0.06360511469445566
"-13528,4401",-121.51960005929897,39.53934722009178,0.06360511469445566
"-13528,4402",-121.51960005929446,39.54833037286364,0.06360511469445566
"-13528,4403",-121.51960005930076,39.55731352570859,0.062470003236026486
"-13528,4404",-121.51960005928886,39.56629667853071,0.06360511469445566
"-13528,4405",-121.51960005928154,39.57527983130511,0.062470003236026486
"-13528,4406",-121.51960005923236,39.58426298413833,0.06106439405371547
"-13528,4407",-121.51960005923829,39.59324613701469,0.05843969149905288
"-13528,4408",-121.51960005923924,39.60222928970683,0.05843969149905288
"-13528,4409",-121.51960005924238,39.61121244262632,0.06369218802787288
"-13528,4410",-121.51960005925488,39.62019559538636,0.05843969149905288
"-13528,4411",-121.51960005926836,39.62917874820452,0.05843969149905288
"-13528,4412",-121.51960005926072,39.63816190106722,0.05843969149905288
"-13528,4413",-121.5196000592616,39.64714505383372,0.06360511469445566
"-13528,4414",-121.51960005925574,39.65612820668435,0.06360511469445566
"-13528,4415",-121.51960005926406,39.6651113594851,0.06360511469445566
"-13528,4416",-121.51960005926443,39.67409451229714,0.03667241555097729
"-13528,4417",-121.5196000592416,39.68307766512219,0.044380219847312725
"-13528,4418",-121.5196000592546,39.69206081788988,0.059929282595286286
"-13528,4419",-121.51960005926566,39.70104397078388,0.0
"-13528,4420",-121.51960005925264,39.71002712353206,0.0
"-13528,4421",-121.51960005925208,39.71901027636994,0.0
"-13528,4422",-121.51960005924872,39.72799342917532,0.0
"-13528,4423",-121.51960005924288,39.73697658198058,0.0
"-13528,4424",-121.51960005925554,39.745959734849386,0.0
"-13528,4425",-121.5196000592714,39.754942887607,0.0
"-13528,4426",-121.51960005929772,39.76392604045382,0.0
"-13528,4427",-121.5196000592898,39.772909193244224,0.0
"-13528,4428",-121.51960005926168,39.78189234611356,0.0
"-13528,4429",-121.51960005928125,39.790875498875785,0.0
"-13528,4430",-121.51960005930196,39.79985865170403,0.0
"-13528,4431",-121.51960005930856,39.80884180454351,0.0
"-13528,4432",-121.51960005929442,39.81782495728629,0.0
"-13528,4433",-121.51960005927366,39.82680811016427,0.0
"-13528,4434",-121.51960005928292,39.83579126298117,0.0
"-13528,4435",-121.51960005929126,39.84477441579592,0.0
"-13528,4436",-121.51960005929212,39.8537575685779,0.0
"-13529,4386",-121.52858321207027,39.40459992784579,0.06280751095052882
"-13529,4387",-121.52858321207565,39.413583080603885,0.06280751095052882
"-13529,4388",-121.5285832120866,39.42256623347794,0.06234606041090123
"-13529,4389",-121.52858321209474,39.43154938630729,0.057431071596583554
"-13529,4390",-121.52858321210034,39.44053253910435,0.05755501442170882
"-13529,4391",-121.52858321208818,39.44951569188602,0.0677224997648465
"-13529,4392",-121.52858321207913,39.45849884470871,0.06885761122327566
"-13529,4393",-121.5285832120734,39.467481997531024,0.06885761122327566
"-13529,4394",-121.5285832120782,39.47646515039523,0.06885761122327566
"-13529,4395",-121.52858321207832,39.48544830314404,0.06885761122327566
"-13529,4396",-121.52858321207218,39.49443145601823,0.06885761122327566
"-13529,4397",-121.52858321208248,39.50341460880284,0.06885761122327566
"-13529,4398",-121.52858321207154,39.5123977616,0.06885761122327566
"-13529,4399",-121.52858321207582,39.52138091446294,0.06885761122327566
"-13529,4400",-121.52858321207316,39.53036406720528,0.062470003236026486
"-13529,4401",-121.52858321207763,39.539347220093305,0.06360511469445566
"-13529,4402",-121.52858321209638,39.54833037287056,0.06360511469445566
"-13529,4403",-121.52858321208475,39.55731352569851,0.06360511469445566
"-13529,4404",-121.52858321208622,39.56629667853456,0.06360511469445566
"-13529,4405",-121.5285832120854,39.5752798312964,0.062470003236026486
"-13529,4406",-121.52858321217238,39.584262984142825,0.06360511469445566
"-13529,4407",-121.52858321215923,39.59324613700592,0.06369218802787288
"-13529,4408",-121.5285832121498,39.60222928971054,0.0625570765694437
"-13529,4409",-121.52858321214426,39.6112124426212,0.06369218802787288
"-13529,4410",-121.52858321214302,39.62019559539815,0.0625570765694437
"-13529,4411",-121.52858321214448,39.6291787482016,0.06369218802787288
"-13529,4412",-121.5285832121558,39.63816190107233,0.06369218802787288
"-13529,4413",-121.52858321216172,39.64714505383264,0.06369218802787288
"-13529,4414",-121.52858321215383,39.65612820667726,0.06106439405371547
"-13529,4415",-121.52858321214798,39.66511135949367,0.06360511469445566
"-13529,4416",-121.52858321213576,39.67409451228157,0.06360511469445566
"-13529,4417",-121.5285832121381,39.68307766512563,0.062470003236026486
"-13529,4418",-121.52858321212597,39.69206081788694,0.059929282595286286
"-13529,4419",-121.52858321212896,39.70104397079513,0.06106439405371547
"-13529,4420",-121.5285832121456,39.71002712352293,0.06106439405371547
"-13529,4421",-121.52858321213118,39.7190102763702,0.0
"-13529,4422",-121.52858321213782,39.727993429177005,0.05843969149905288
"-13529,4423",-121.52858321215712,39.73697658198687,0.06106439405371547
"-13529,4424",-121.52858321214448,39.74595973484307,0.06106439405371547
"-13529,4425",-121.52858321210692,39.7549428876005,0.0
"-13529,4426",-121.52858321208106,39.7639260404606,0.0
"-13529,4427",-121.52858321209658,39.77290919324195,0.0
"-13529,4428",-121.5285832120932,39.78189234609725,0.0
"-13529,4429",-121.52858321206246,39.7908754988855,0.0
"-13529,4430",-121.52858321204272,39.79985865169493,0.0
"-13529,4431",-121.52858321205504,39.80884180456378,0.0
"-13529,4432",-121.52858321208409,39.81782495727481,0.0
"-13529,4433",-121.52858321209196,39.82680811016816,0.0
"-13529,4434",-121.52858321208588,39.83579126297914,0.0
"-13529,4435",-121.52858321205925,39.84477441578713,0.0
"-13529,4436",-121.52858321206244,39.853757568589074,0.0
"-13530,4386",-121.5375663649898,39.4045999278328,0.039193453981902604
"-13530,4387",-121.53756636495868,39.41358308060154,0.06280751095052882
"-13530,4388",-121.5375663649648,39.42256623349048,0.057431071596583554
"-13530,4389",-121.53756636496352,39.43154938629887,0.06280751095052882
"-13530,4390",-121.53756636494651,39.44053253910597,0.057431071596583554
"-13530,4391",-121.53756636496568,39.44951569188856,0.06280751095052882
"-13530,4392",-121.53756636497646,39.458498844707165,0.06280751095052882
"-13530,4393",-121.53756636498412,39.46748199753375,0.06885761122327566
"-13530,4394",-121.53756636498908,39.47646515039829,0.06885761122327566
"-13530,4395",-121.5375663649914,39.48544830314242,0.06885761122327566
"-13530,4396",-121.53756636497587,39.49443145600694,0.06885761122327566
"-13530,4397",-121.5375663649634,39.50341460881282,0.06885761122327566
"-13530,4398",-121.53756636498348,39.51239776159547,0.06885761122327566
"-13530,4399",-121.53756636499152,39.52138091447481,0.06885761122327566
"-13530,4400",-121.53756636500154,39.5303640671978,0.06885761122327566
"-13530,4401",-121.53756636497585,39.53934722008814,0.06360511469445566
"-13530,4402",-121.53756636494391,39.54833037286789,0.06360511469445566
"-13530,4403",-121.53756636495775,39.55731352570255,0.062470003236026486
"-13530,4404",-121.53756636496414,39.56629667853517,0.06360511469445566
"-13530,4405",-121.53756636497708,39.575279831302986,0.06885761122327566
"-13530,4406",-121.53756636494498,39.5842629841422,0.0625570765694437
"-13530,4407",-121.53756636494924,39.59324613700127,0.0625570765694437
"-13530,4408",-121.53756636495208,39.60222928971126,0.05718063721549844
"-13530,4409",-121.53756636495376,39.6112124426182,0.05718063721549844
"-13530,4410",-121.53756636493716,39.62019559539053,0.05718063721549844
"-13530,4411",-121.53756636492506,39.62917874820286,0.05843969149905288
"-13530,4412",-121.53756636492449,39.638161901077446,0.05843969149905288
"-13530,4413",-121.53756636492705,39.64714505383255,0.05843969149905288
"-13530,4414",-121.53756636494856,39.65612820668544,0.06360511469445566
"-13530,4415",-121.53756636494256,39.66511135947848,0.06360511469445566
"-13530,4416",-121.53756636493868,39.67409451228721,0.06360511469445566
"-13530,4417",-121.53756636495268,39.683077665129694,0.05843969149905288
"-13530,4418",-121.53756636496752,39.69206081788445,0.06106439405371547
"-13530,4419",-121.53756636496784,39.70104397079956,0.05730458004062371
"-13530,4420",-121.53756636494694,39.71002712351598,0.05730458004062371
"-13530,4421",-121.53756636494138,39.71901027636533,0.05843969149905288
"-13530,4422",-121.53756636494272,39.72799342918661,0.06106439405371547
"-13530,4423",-121.53756636495814,39.736976581997794,0.03667241555097729
"-13530,4424",-121.53756636497222,39.745959734832965,0.03667241555097729
"-13530,4425",-121.53756636496968,39.7549428875869,0.03667241555097729
"-13530,4426",-121.53756636497324,39.763926040461016,0.0
"-13530,4427",-121.53756636497444,39.772909193251415,0.0
"-13530,4428",-121.53756636498736,39.78189234609341,0.0
"-13530,4429",-121.53756636498971,39.79087549887258,0.0
"-13530,4430",-121.53756636500252,39.79985865170376,0.0
"-13530,4431",-121.53756636499656,39.80884180455871,0.0
"-13530,4432",-121.537566364979,39.81782495728664,0.0
"-13530,4433",-121.53756636498645,39.82680811016535,0.0
"-13530,4434",-121.53756636498092,39.835791262975135,0.0
"-13530,4435",-121.5375663649991,39.84477441578615,0.0
"-13530,4436",-121.5375663649962,39.85375756859021,0.0
"-13531,4386",-121.54654951777589,39.4045999278349,0.0
"-13531,4387",-121.5465495178118,39.413583080602336,0.03500129655861311
"-13531,4388",-121.54654951779088,39.42256623348084,0.057431071596583554
"-13531,4389",-121.5465495177718,39.4315493862964,0.06280751095052882
"-13531,4390",-121.54654951780644,39.440532539118976,0.06280751095052882
"-13531,4391",-121.5465495178124,39.4495156918905,0.06885761122327566
"-13531,4392",-121.54654951780356,39.45849884470636,0.06885761122327566
"-13531,4393",-121.5465495177801,39.46748199752519,0.06885761122327566
"-13531,4394",-121.54654951777846,39.47646515040879,0.06885761122327566
"-13531,4395",-121.54654951781254,39.485448303153646,0.06885761122327566
"-13531,4396",-121.5465495178154,39.49443145598821,0.06885761122327566
"-13531,4397",-121.54654951778728,39.50341460880735,0.06885761122327566
"-13531,4398",-121.54654951777134,39.5123977616034,0.06885761122327566
"-13531,4399",-121.5465495177747,39.52138091447369,0.06885761122327566
"-13531,4400",-121.54654951778208,39.53036406720928,0.06885761122327566
"-13531,4401",-121.54654951780742,39.53934722007646,0.06360511469445566
"-13531,4402",-121.54654951780614,39.54833037285983,0.06360511469445566
"-13531,4403",-121.5465495177922,39.55731352571054,0.06360511469445566
"-13531,4404",-121.5465495177951,39.56629667853268,0.06360511469445566
"-13531,4405",-121.54654951778576,39.57527983130757,0.06360511469445566
"-13531,4406",-121.54654951776948,39.58426298413553,0.06369218802787288
"-13531,4407",-121.54654951777582,39.59324613701421,0.06369218802787288
"-13531,4408",-121.54654951780498,39.60222928971733,0.06369218802787288
"-13531,4409",-121.54654951780364,39.61121244261236,0.06369218802787288
"-13531,4410",-121.54654951780137,39.62019559538519,0.06369218802787288
"-13531,4411",-121.54654951780525,39.6291787482033,0.05843969149905288
"-13531,4412",-121.54654951779987,39.63816190107351,0.06106439405371547
"-13531,4413",-121.54654951779246,39.64714505383361,0.05217857506776355
"-13531,4414",-121.54654951779692,39.656128206699776,0.062470003236026486
"-13531,4415",-121.54654951781352,39.665111359470416,0.059929282595286286
"-13531,4416",-121.54654951780444,39.67409451228758,0.06360511469445566
"-13531,4417",-121.54654951779744,39.68307766513349,0.062470003236026486
"-13531,4418",-121.54654951778588,39.69206081788258,0.06106439405371547
"-13531,4419",-121.54654951776996,39.701043970792185,0.06369218802787288
"-13531,4420",-121.54654951778612,39.710027123520575,0.05718063721549844
"-13531,4421",-121.54654951781038,39.7190102763718,0.05730458004062371
"-13531,4422",-121.546549517798,39.7279934291736,0.03667241555097729
"-13531,4423",-121.54654951777162,39.73697658200431,0.05455284324134103
"-13531,4424",-121.54654951776776,39.745959734832525,0.05843969149905288
"-13531,4425",-121.54654951777108,39.7549428875878,0.06106439405371547
"-13531,4426",-121.54654951777312,39.7639260404634,0.0
"-13531,4427",-121.54654951778096,39.77290919325437,0.0
"-13531,4428",-121.5465495177948,39.78189234610627,0.0
"-13531,4429",-121.54654951779932,39.79087549886379,0.0
"-13531,4430",-121.54654951777913,39.79985865170816,0.0
"-13531,4431",-121.5465495177776,39.808841804549886,0.0
"-13531,4432",-121.54654951777944,39.81782495728616,0.0
"-13531,4433",-121.5465495177779,39.82680811016927,0.0
"-13531,4434",-121.546549517787,39.83579126297335,0.0
"-13531,4435",-121.54654951777582,39.84477441579205,0.0
"-13531,4436",-121.54654951779644,39.85375756859475,0.0
"-13532,4386",-121.55553267066152,39.40459992784296,0.0
"-13532,4387",-121.5555326706528,39.413583080610486,0.0
"-13532,4388",-121.55553267066358,39.42256623346663,0.012730786123659774
"-13532,4389",-121.55553267067856,39.43154938630819,0.04098906918256252
"-13532,4390",-121.55553267066009,39.44053253911682,0.06280751095052882
"-13532,4391",-121.55553267065122,39.44951569189091,0.06885761122327566
"-13532,4392",-121.55553267064532,39.458498844697175,0.06885761122327566
"-13532,4393",-121.55553267064954,39.467481997522896,0.06885761122327566
"-13532,4394",-121.55553267065528,39.47646515041352,0.06885761122327566
"-13532,4395",-121.55553267064728,39.48544830316445,0.06885761122327566
"-13532,4396",-121.55553267063948,39.49443145597445,0.06885761122327566
"-13532,4397",-121.55553267063884,39.503414608804,0.06885761122327566
"-13532,4398",-121.55553267065258,39.51239776160543,0.06885761122327566
"-13532,4399",-121.5555326706584,39.52138091447712,0.06885761122327566
"-13532,4400",-121.55553267064784,39.53036406720395,0.06885761122327566
"-13532,4401",-121.55553267063485,39.53934722008913,0.06885761122327566
"-13532,4402",-121.55553267064882,39.54833037285473,0.06360511469445566
"-13532,4403",-121.55553267067457,39.55731352572264,0.06360511469445566
"-13532,4404",-121.55553267066732,39.56629667851801,0.06360511469445566
"-13532,4405",-121.55553267064792,39.57527983130517,0.06360511469445566
"-13532,4406",-121.55553267066831,39.58426298414039,0.06360511469445566
"-13532,4407",-121.55553267065454,39.59324613700493,0.06360511469445566
"-13532,4408",-121.55553267062736,39.6022292897278,0.06369218802787288
"-13532,4409",-121.55553267064568,39.61121244261197,0.06369218802787288
"-13532,4410",-121.55553267065793,39.62019559539147,0.05843969149905288
"-13532,4411",-121.55553267065554,39.6291787481979,0.06369218802787288
"-13532,4412",-121.55553267065254,39.63816190107396,0.05755501442170882
"-13532,4413",-121.55553267064911,39.64714505382671,0.06360511469445566
"-13532,4414",-121.55553267063677,39.656128206702,0.06360511469445566
"-13532,4415",-121.55553267062945,39.6651113594737,0.05501429378096862
"-13532,4416",-121.55553267064984,39.674094512290985,0.06360511469445566
"-13532,4417",-121.5555326706532,39.68307766512793,0.06360511469445566
"-13532,4418",-121.55553267065343,39.69206081788147,0.06360511469445566
"-13532,4419",-121.5555326706647,39.701043970790494,0.06106439405371547
"-13532,4420",-121.55553267065584,39.71002712352661,0.03667241555097729
"-13532,4421",-121.55553267064272,39.71901027637234,0.03667241555097729
"-13532,4422",-121.55553267066176,39.72799342917697,0.03667241555097729
"-13532,4423",-121.55553267067508,39.73697658199324,0.0455153313057419
"-13532,4424",-121.55553267066044,39.74595973483267,0.06106439405371547
"-13532,4425",-121.55553267066806,39.75494288759414,0.06106439405371547
"-13532,4426",-121.55553267067567,39.76392604046276,0.06106439405371547
"-13532,4427",-121.55553267065406,39.77290919324686,0.0
"-13532,4428",-121.55553267063968,39.78189234611347,0.03667241555097729
"-13532,4429",-121.55553267066036,39.79087549887147,0.0
"-13532,4430",-121.55553267067134,39.79985865169501,0.0
"-13532,4431",-121.55553267065888,39.80884180455482,0.0
"-13532,4432",-121.55553267066654,39.8178249572868,0.0
"-13532,4433",-121.55553267067008,39.82680811016983,0.0
"-13532,4434",-121.55553267064724,39.835791262964726,0.0
"-13532,4435",-121.55553267064322,39.84477441579171,0.0
"-13532,4436",-121.55553267064262,39.85375756860689,0.0
"-13533,4386",-121.56451582344428,39.40459992783858,0.0
"-13533,4387",-121.56451582343404,39.41358308060356,0.028303011404695735
"-13533,4388",-121.56451582344572,39.42256623348696,0.06885761122327566
"-13533,4389",-121.5645158234639,39.43154938630765,0.0677224997648465
"-13533,4390",-121.5645158234509,39.44053253909855,0.06234606041090123
"-13533,4391",-121.5645158234361,39.44951569189508,0.06885761122327566
"-13533,4392",-121.56451582345576,39.45849884470125,0.06885761122327566
"-13533,4393",-121.5645158234791,39.46748199753521,0.06885761122327566
"-13533,4394",-121.5645158234838,39.476465150407456,0.06885761122327566
"-13533,4395",-121.5645158234545,39.48544830314831,0.06885761122327566
"-13533,4396",-121.56451582344992,39.4944314559832,0.06885761122327566
"-13533,4397",-121.5645158234771,39.50341460881109,0.06885761122327566
"-13533,4398",-121.564515823469,39.51239776160168,0.06885761122327566
"-13533,4399",-121.56451582344636,39.521380914470846,0.06885761122327566
"-13533,4400",-121.56451582346106,39.53036406721267,0.06885761122327566
"-13533,4401",-121.56451582346844,39.539347220077055,0.06885761122327566
"-13533,4402",-121.56451582346,39.54833037287012,0.06360511469445566
"-13533,4403",-121.56451582345828,39.557313525721526,0.06360511469445566
"-13533,4404",-121.56451582346172,39.56629667851687,0.05709356388208123
"-13533,4405",-121.56451582347736,39.57527983130408,0.06360511469445566
"-13533,4406",-121.56451582345352,39.58426298413946,0.06885761122327566
"-13533,4407",-121.56451582346288,39.59324613700321,0.06360511469445566
"-13533,4408",-121.56451582348308,39.60222928972539,0.06360511469445566
"-13533,4409",-121.56451582347636,39.611212442621245,0.06360511469445566
"-13533,4410",-121.5645158234566,39.62019559537771,0.06360511469445566
"-13533,4411",-121.56451582346196,39.62917874821343,0.06360511469445566
"-13533,4412",-121.56451582349084,39.63816190107378,0.05755501442170882
"-13533,4413",-121.56451582348288,39.64714505382016,0.05755501442170882
"-13533,4414",-121.56451582346769,39.65612820669222,0.06360511469445566
"-13533,4415",-121.56451582347472,39.6651113594833,0.05755501442170882
"-13533,4416",-121.56451582346604,39.67409451228834,0.06360511469445566
"-13533,4417",-121.56451582345566,39.683077665126426,0.06360511469445566
"-13533,4418",-121.56451582347312,39.69206081789347,0.06360511469445566
"-13533,4419",-121.56451582347358,39.701043970785406,0.06360511469445566
"-13533,4420",-121.56451582346416,39.71002712352088,0.06106439405371547
"-13533,4421",-121.56451582346564,39.71901027637119,0.05843969149905288
"-13533,4422",-121.56451582345576,39.727993429183535,0.059929282595286286
"-13533,4423",-121.56451582344845,39.73697658199024,0.03667241555097729
"-13533,4424",-121.56451582347324,39.74595973484167,0.03667241555097729
"-13533,4425",-121.56451582346288,39.7549428876101,0.03667241555097729
"-13533,4426",-121.56451582346934,39.76392604045512,0.03667241555097729
"-13533,4427",-121.56451582346854,39.77290919324125,0.035537304092548114
"-13533,4428",-121.56451582346756,39.781892346110006,0.03667241555097729
"-13533,4429",-121.56451582345272,39.79087549887839,0.03667241555097729
"-13533,4430",-121.56451582344488,39.79985865168992,0.03667241555097729
"-13533,4431",-121.56451582344243,39.808841804551136,0.0
"-13533,4432",-121.56451582343868,39.81782495729275,0.0
"-13533,4433",-121.56451582344056,39.8268081101671,0.03667241555097729
"-13533,4434",-121.56451582346908,39.8357912629708,0.0
"-13533,4435",-121.5645158234724,39.844774415785245,0.0
"-13533,4436",-121.56451582346456,39.85375756860836,0.0
"-13534,4386",-121.5734989763058,39.40459992783524,0.0
"-13534,4387",-121.5734989763166,39.41358308060726,0.015572225281035964
"-13534,4388",-121.57349897630692,39.42256623348443,0.06280751095052882
"-13534,4389",-121.57349897628372,39.43154938630718,0.06885761122327566
"-13534,4390",-121.5734989763056,39.44053253910433,0.06885761122327566
"-13534,4391",-121.5734989763349,39.44951569189792,0.06885761122327566
"-13534,4392",-121.57349897633377,39.45849884470946,0.06885761122327566
"-13534,4393",-121.57349897630232,39.46748199752216,0.06885761122327566
"-13534,4394",-121.57349897628372,39.47646515041222,0.06885761122327566
"-13534,4395",-121.5734989763074,39.48544830314019,0.06280751095052882
"-13534,4396",-121.57349897630624,39.49443145598791,0.06885761122327566
"-13534,4397",-121.57349897630098,39.50341460881943,0.06885761122327566
"-13534,4398",-121.57349897632108,39.51239776160046,0.06885761122327566
"-13534,4399",-121.57349897632189,39.52138091445907,0.06885761122327566
"-13534,4400",-121.5734989763103,39.53036406722633,0.06885761122327566
"-13534,4401",-121.57349897631582,39.53934722007107,0.06885761122327566
"-13534,4402",-121.57349897631435,39.54833037287022,0.06360511469445566
"-13534,4403",-121.57349897629054,39.55731352570625,0.05755501442170882
"-13534,4404",-121.5734989762824,39.56629667852933,0.062470003236026486
"-13534,4405",-121.57349897628826,39.57527983130441,0.06885761122327566
"-13534,4406",-121.57349897629972,39.5842629841318,0.06885761122327566
"-13534,4407",-121.5734989762875,39.59324613700917,0.06360511469445566
"-13534,4408",-121.57349897628796,39.60222928973172,0.06360511469445566
"-13534,4409",-121.57349897628562,39.61121244260956,0.06360511469445566
"-13534,4410",-121.57349897629447,39.62019559538293,0.05755501442170882
"-13534,4411",-121.57349897630596,39.6291787482182,0.05217857506776355
"-13534,4412",-121.57349897628394,39.63816190107308,0.05755501442170882
"-13534,4413",-121.57349897630104,39.64714505382631,0.06360511469445566
"-13534,4414",-121.57349897631246,39.65612820668383,0.05217857506776355
"-13534,4415",-121.5734989763028,39.66511135949011,0.06280751095052882
"-13534,4416",-121.5734989763084,39.67409451227973,0.06360511469445566
"-13534,4417",-121.57349897630694,39.68307766512804,0.06360511469445566
"-13534,4418",-121.57349897628984,39.69206081789208,0.06360511469445566
"-13534,4419",-121.57349897628669,39.70104397078519,0.05843969149905288
"-13534,4420",-121.57349897628885,39.71002712351678,0.05843969149905288
"-13534,4421",-121.57349897629643,39.71901027638069,0.06369218802787288
"-13534,4422",-121.57349897631651,39.7279934291801,0.06369218802787288
"-13534,4423",-121.5734989763112,39.736976581986205,0.06369218802787288
"-13534,4424",-121.57349897629436,39.7459597348504,0.06369218802787288
"-13534,4425",-121.57349897629554,39.75494288759592,0.05843969149905288
"-13534,4426",-121.57349897628367,39.76392604046612,0.0
"-13534,4427",-121.57349897629696,39.77290919323765,0.0
"-13534,4428",-121.57349897630438,39.78189234611741,0.0
"-13534,4429",-121.57349897632676,39.79087549887544,0.0
"-13534,4430",-121.57349897633485,39.79985865169303,0.035537304092548114
"-13534,4431",-121.57349897633564,39.80884180454707,0.03667241555097729
"-13534,4432",-121.57349897632064,39.817824957285694,0.03667241555097729
"-13534,4433",-121.57349897630368,39.826808110165295,0.0
"-13534,4434",-121.57349897629366,39.83579126298351,0.0
"-13534,4435",-121.57349897631836,39.84477441578904,0.0
"-13534,4436",-121.57349897631724,39.853757568599256,0.0
"-13535,4386",-121.58248212917576,39.40459992782374,0.015572225281035964
"-13535,4387",-121.58248212914754,39.41358308060833,0.004192157423289499
"-13535,4388",-121.58248212914584,39.42256623347659,0.004192157423289499
"-13535,4389",-121.58248212916224,39.43154938631097,0.015572225281035964
"-13535,4390",-121.58248212916584,39.440532539115736,0.06885761122327566
"-13535,4391",-121.58248212914977,39.44951569189441,0.06885761122327566
"-13535,4392",-121.58248212914344,39.45849884470852,0.06885761122327566
"-13535,4393",-121.58248212916756,39.467481997518725,0.06280751095052882
"-13535,4394",-121.58248212916192,39.47646515040122,0.039193453981902604
"-13535,4395",-121.58248212913354,39.48544830314837,0.014849393890007789
"-13535,4396",-121.5824821291634,39.494431455996825,0.06280751095052882
"-13535,4397",-121.58248212917758,39.50341460881584,0.06885761122327566
"-13535,4398",-121.58248212914508,39.51239776159669,0.06885761122327566
"-13535,4399",-121.58248212915385,39.52138091446852,0.06885761122327566
"-13535,4400",-121.58248212915234,39.53036406720908,0.06885761122327566
"-13535,4401",-121.58248212913882,39.53934722008356,0.06885761122327566
"-13535,4402",-121.58248212915824,39.54833037286842,0.06360511469445566
"-13535,4403",-121.58248212916588,39.55731352569842,0.06885761122327566
"-13535,4404",-121.58248212916692,39.56629667853294,0.06360511469445566
"-13535,4405",-121.5824821291615,39.575279831301074,0.06885761122327566
"-13535,4406",-121.5824821291721,39.58426298414823,0.06885761122327566
"-13535,4407",-121.58248212919707,39.59324613700031,0.06360511469445566
"-13535,4408",-121.58248212916924,39.60222928972429,0.06360511469445566
"-13535,4409",-121.58248212916284,39.611212442611816,0.06360511469445566
"-13535,4410",-121.5824821291693,39.620195595389774,0.05217857506776355
"-13535,4411",-121.5824821291508,39.62917874820717,0.05755501442170882
"-13535,4412",-121.5824821291436,39.63816190106677,0.06885761122327566
"-13535,4413",-121.58248212914096,39.64714505384116,0.06885761122327566
"-13535,4414",-121.58248212916358,39.65612820668917,0.06234606041090123
"-13535,4415",-121.58248212917364,39.66511135948499,0.0677224997648465
"-13535,4416",-121.58248212917114,39.67409451228671,0.05709356388208123
"-13535,4417",-121.58248212917005,39.68307766511954,0.05755501442170882
"-13535,4418",-121.58248212915484,39.69206081788148,0.039465231032995055
"-13535,4419",-121.58248212916192,39.70104397079808,0.06360511469445566
"-13535,4420",-121.58248212919138,39.71002712352258,0.06360511469445566
"-13535,4421",-121.58248212918276,39.7190102763743,0.0455153313057419
"-13535,4422",-121.58248212914997,39.72799342917899,0.06106439405371547
"-13535,4423",-121.58248212916055,39.736976581990426,0.059929282595286286
"-13535,4424",-121.58248212916789,39.74595973484056,0.05843969149905288
"-13535,4425",-121.58248212917206,39.75494288758232,0.06369218802787288
"-13535,4426",-121.58248212917312,39.763926040473336,0.0
"-13535,4427",-121.58248212917638,39.77290919324021,0.0
"-13535,4428",-121.58248212917498,39.7818923461184,0.0
"-13535,4429",-121.58248212915343,39.79087549887495,0.0
"-13535,4430",-121.58248212914812,39.799858651695175,0.0
"-13535,4431",-121.5824821291436,39.80884180454273,0.0
"-13535,4432",-121.5824821291538,39.817824957287165,0.0
"-13535,4433",-121.58248212917874,39.82680811016857,0.0
"-13535,4434",-121.58248212918048,39.83579126297536,0.0
"-13535,4435",-121.58248212914351,39.844774415789935,0.0
"-13535,4436",-121.5824821291423,39.85375756859701,0.0
"-13536,4386",-121.5914652819708,39.40459992782982,0.014849393890007789
"-13536,4387",-121.5914652820068,39.41358308060684,0.004192157423289499
"-13536,4388",-121.5914652820046,39.42256623347577,0.015572225281035964
"-13536,4389",-121.59146528197806,39.43154938630576,0.01065723646671829
"-13536,4390",-121.59146528195652,39.44053253911024,0.06885761122327566
"-13536,4391",-121.59146528196923,39.44951569189792,0.06885761122327566
"-13536,4392",-121.59146528198532,39.45849884471082,0.06885761122327566
"-13536,4393",-121.59146528196688,39.46748199751984,0.014849393890007789
"-13536,4394",-121.5914652819812,39.476465150405296,0.014849393890007789
"-13536,4395",-121.59146528199732,39.48544830313698,0.039193453981902604
"-13536,4396",-121.59146528197738,39.49443145601413,0.06885761122327566
"-13536,4397",-121.59146528197998,39.50341460880853,0.06885761122327566
"-13536,4398",-121.5914652819897,39.51239776159044,0.06885761122327566
"-13536,4399",-121.59146528198416,39.52138091447671,0.06885761122327566
"-13536,4400",-121.59146528198411,39.53036406719996,0.06885761122327566
"-13536,4401",-121.5914652819896,39.539347220087926,0.06885761122327566
"-13536,4402",-121.59146528197827,39.54833037286888,0.06885761122327566
"-13536,4403",-121.5914652819778,39.557313525702185,0.06885761122327566
"-13536,4404",-121.59146528198812,39.56629667853596,0.06885761122327566
"-13536,4405",-121.591465281987,39.57527983129416,0.06360511469445566
"-13536,4406",-121.59146528197265,39.58426298415293,0.06360511469445566
"-13536,4407",-121.5914652819452,39.59324613699414,0.06360511469445566
"-13536,4408",-121.59146528196332,39.60222928972468,0.06360511469445566
"-13536,4409",-121.59146528197356,39.611212442613706,0.057431071596583554
"-13536,4410",-121.59146528196914,39.62019559538911,0.057431071596583554
"-13536,4411",-121.5914652819794,39.62917874820296,0.057431071596583554
"-13536,4412",-121.59146528197331,39.638161901063135,0.06885761122327566
"-13536,4413",-121.59146528197168,39.64714505384224,0.06234606041090123
"-13536,4414",-121.5914652819676,39.6561282066991,0.06234606041090123
"-13536,4415",-121.5914652819681,39.66511135948129,0.062470003236026486
"-13536,4416",-121.59146528197834,39.674094512295,0.06360511469445566
"-13536,4417",-121.59146528198458,39.6830776651143,0.0455153313057419
"-13536,4418",-121.59146528200074,39.69206081788728,0.06360511469445566
"-13536,4419",-121.59146528199568,39.70104397079349,0.062470003236026486
"-13536,4420",-121.59146528196952,39.7100271235291,0.06360511469445566
"-13536,4421",-121.59146528195856,39.719010276356194,0.03667241555097729
"-13536,4422",-121.5914652819698,39.72799342918435,0.05843969149905288
"-13536,4423",-121.59146528196524,39.73697658198863,0.0625570765694437
"-13536,4424",-121.59146528195186,39.74595973483879,0.06369218802787288
"-13536,4425",-121.59146528196598,39.75494288759493,0.06369218802787288
"-13536,4426",-121.59146528196275,39.76392604045947,0.0
"-13536,4427",-121.59146528194914,39.77290919324795,0.0
"-13536,4428",-121.5914652819615,39.78189234611713,0.0
"-13536,4429",-121.5914652819618,39.79087549886368,0.0
"-13536,4430",-121.59146528195704,39.79985865170051,0.0
"-13536,4431",-121.59146528198364,39.8088418045504,0.0
"-13536,4432",-121.59146528199656,39.81782495729313,0.0
"-13536,4433",-121.59146528197348,39.82680811016368,0.0
"-13536,4434",-121.59146528195764,39.83579126297192,0.0
"-13536,4435",-121.59146528198546,39.84477441578797,0.0
"-13536,4436",-121.59146528198949,39.85375756860064,0.0
"-13537,4386",-121.60044843486872,39.404599927840174,0.01065723646671829
"-13537,4387",-121.60044843486402,39.41358308061514,0.0
"-13537,4388",-121.60044843485278,39.42256623345946,0.0
"-13537,4389",-121.60044843486423,39.43154938631309,0.039193453981902604
"-13537,4390",-121.60044843487611,39.44053253909712,0.06885761122327566
"-13537,4391",-121.60044843485744,39.44951569190747,0.06885761122327566
"-13537,4392",-121.60044843485122,39.45849884470714,0.06885761122327566
"-13537,4393",-121.60044843485753,39.467481997516295,0.014849393890007789
"-13537,4394",-121.60044843486084,39.47646515041935,0.014849393890007789
"-13537,4395",-121.60044843486808,39.48544830313684,0.039193453981902604
"-13537,4396",-121.60044843486384,39.49443145599984,0.06885761122327566
"-13537,4397",-121.60044843485495,39.50341460881906,0.06885761122327566
"-13537,4398",-121.60044843485528,39.51239776158586,0.06885761122327566
"-13537,4399",-121.60044843485612,39.52138091447853,0.06885761122327566
"-13537,4400",-121.60044843485764,39.53036406719899,0.06885761122327566
"-13537,4401",-121.60044843486666,39.539347220097525,0.06360511469445566
"-13537,4402",-121.60044843488151,39.54833037286138,0.06885761122327566
"-13537,4403",-121.60044843487294,39.55731352570427,0.06885761122327566
"-13537,4404",-121.60044843487024,39.56629667853842,0.06885761122327566
"-13537,4405",-121.60044843487172,39.57527983129189,0.062470003236026486
"-13537,4406",-121.60044843486185,39.58426298414082,0.06360511469445566
"-13537,4407",-121.60044843486996,39.59324613699478,0.06885761122327566
"-13537,4408",-121.60044843487374,39.60222928973704,0.06280751095052882
"-13537,4409",-121.60044843488004,39.61121244261118,0.06280751095052882
"-13537,4410",-121.60044843488716,39.620195595393234,0.057431071596583554
"-13537,4411",-121.60044843487968,39.62917874820046,0.057431071596583554
"-13537,4412",-121.60044843487997,39.6381619010622,0.0677224997648465
"-13537,4413",-121.60044843487246,39.64714505383778,0.0677224997648465
"-13537,4414",-121.60044843487805,39.65612820670445,0.062470003236026486
"-13537,4415",-121.6004484348742,39.66511135947394,0.06360511469445566
"-13537,4416",-121.60044843485404,39.67409451229647,0.06360511469445566
"-13537,4417",-121.60044843485215,39.68307766511542,0.06360511469445566
"-13537,4418",-121.6004484348461,39.69206081789213,0.06360511469445566
"-13537,4419",-121.60044843483593,39.70104397077962,0.06360511469445566
"-13537,4420",-121.6004484348354,39.7100271235272,0.0455153313057419
"-13537,4421",-121.60044843484468,39.7190102763571,0.06106439405371547
"-13537,4422",-121.60044843486192,39.72799342920031,0.06369218802787288
"-13537,4423",-121.60044843487168,39.73697658197573,0.052389591226306036
"-13537,4424",-121.60044843487394,39.74595973484511,0.05730458004062371
"-13537,4425",-121.60044843487567,39.754942887597984,0.06369218802787288
"-13537,4426",-121.60044843486824,39.76392604045011,0.06369218802787288
"-13537,4427",-121.60044843485856,39.77290919324354,0.0
"-13537,4428",-121.6004484348536,39.781892346125886,0.0
"-13537,4429",-121.60044843486718,39.79087549886314,0.03667241555097729
"-13537,4430",-121.60044843487684,39.79985865170397,0.0
"-13537,4431",-121.60044843486016,39.8088418045528,0.0
"-13537,4432",-121.60044843485348,39.81782495729447,0.0
"-13537,4433",-121.60044843485508,39.826808110149685,0.0
"-13537,4434",-121.600448434865,39.83579126298241,0.0
"-13537,4435",-121.60044843486072,39.84477441579136,0.0
"-13537,4436",-121.60044843485612,39.85375756859693,0.0
"-13538,4386",-121.60943158768094,39.40459992783222,0.015572225281035964
"-13538,4387",-121.60943158766482,39.41358308061066,0.0
"-13538,4388",-121.6094315876669,39.42256623345845,0.015572225281035964
"-13538,4389",-121.60943158767164,39.43154938632379,0.014849393890007789
"-13538,4390",-121.609431587686,39.44053253910207,0.014849393890007789
"-13538,4391",-121.6094315877013,39.44951569190051,0.014849393890007789
"-13538,4392",-121.60943158767972,39.45849884469752,0.014849393890007789
"-13538,4393",-121.60943158766597,39.46748199752147,0.014849393890007789
"-13538,4394",-121.6094315876738,39.47646515042084,0.039193453981902604
"-13538,4395",-121.60943158767223,39.48544830313877,0.06885761122327566
"-13538,4396",-121.60943158766815,39.49443145599297,0.06885761122327566
"-13538,4397",-121.6094315876754,39.50341460882494,0.06885761122327566
"-13538,4398",-121.60943158768694,39.512397761587046,0.06885761122327566
"-13538,4399",-121.60943158768738,39.52138091447813,0.06885761122327566
"-13538,4400",-121.60943158767492,39.530364067192885,0.06885761122327566
"-13538,4401",-121.60943158765652,39.53934722009802,0.06885761122327566
"-13538,4402",-121.60943158766136,39.548330372872606,0.06280751095052882
"-13538,4403",-121.60943158768087,39.55731352569956,0.0677224997648465
"-13538,4404",-121.6094315876703,39.56629667853521,0.06885761122327566
"-13538,4405",-121.60943158768124,39.57527983130248,0.06885761122327566
"-13538,4406",-121.60943158767418,39.584262984138576,0.06280751095052882
"-13538,4407",-121.60943158766618,39.59324613699712,0.06280751095052882
"-13538,4408",-121.6094315876625,39.60222928973476,0.06280751095052882
"-13538,4409",-121.60943158765453,39.61121244261247,0.06885761122327566
"-13538,4410",-121.6094315876422,39.620195595388886,0.06280751095052882
"-13538,4411",-121.60943158765488,39.62917874820788,0.06885761122327566
"-13538,4412",-121.60943158766143,39.63816190105887,0.06885761122327566
"-13538,4413",-121.60943158766894,39.64714505384111,0.0677224997648465
"-13538,4414",-121.60943158765475,39.65612820669602,0.06360511469445566
"-13538,4415",-121.60943158763968,39.66511135947116,0.06885761122327566
"-13538,4416",-121.60943158765993,39.67409451229933,0.06360511469445566
"-13538,4417",-121.60943158767928,39.683077665122894,0.06360511469445566
"-13538,4418",-121.60943158766663,39.69206081787356,0.062470003236026486
"-13538,4419",-121.60943158766511,39.70104397079127,0.0455153313057419
"-13538,4420",-121.6094315876748,39.71002712352099,0.0455153313057419
"-13538,4421",-121.60943158768002,39.71901027637188,0.044380219847312725
"-13538,4422",-121.60943158766533,39.72799342918704,0.06106439405371547
"-13538,4423",-121.60943158764448,39.73697658198244,0.05843969149905288
"-13538,4424",-121.60943158766932,39.74595973485443,0.06369218802787288
"-13538,4425",-121.60943158767422,39.7549428876089,0.06369218802787288
"-13538,4426",-121.60943158769884,39.76392604044936,0.06369218802787288
"-13538,4427",-121.60943158769312,39.77290919323519,0.0
"-13538,4428",-121.6094315876708,39.78189234611812,0.0455153313057419
"-13538,4429",-121.60943158766138,39.790875498873326,0.035537304092548114
"-13538,4430",-121.6094315876561,39.7998586516964,0.0
"-13538,4431",-121.60943158766196,39.80884180455398,0.0
"-13538,4432",-121.60943158767024,39.81782495729422,0.0
"-13538,4433",-121.60943158767404,39.82680811015312,0.0
"-13538,4434",-121.60943158768028,39.8357912629885,0.0
"-13538,4435",-121.6094315876872,39.84477441578684,0.0
"-13538,4436",-121.60943158767236,39.85375756858998,0.0
"-13539,4386",-121.61841474048556,39.40459992783165,0.014849393890007789
"-13539,4387",-121.61841474049416,39.41358308060677,0.014849393890007789
"-13539,4388",-121.6184147405164,39.422566233476886,0.014849393890007789
"-13539,4389",-121.61841474052132,39.431549386311154,0.014849393890007789
"-13539,4390",-121.61841474050028,39.4405325391107,0.004192157423289499
"-13539,4391",-121.61841474048936,39.44951569189449,0.014849393890007789
"-13539,4392",-121.61841474050402,39.458498844699385,0.014849393890007789
"-13539,4393",-121.61841474053564,39.46748199753021,0.039193453981902604
"-13539,4394",-121.61841474053074,39.476465150413866,0.02876446194432333
"-13539,4395",-121.61841474051177,39.48544830313351,0.06885761122327566
"-13539,4396",-121.6184147405148,39.4944314559976,0.06885761122327566
"-13539,4397",-121.618414740495,39.50341460881281,0.06885761122327566
"-13539,4398",-121.61841474049548,39.51239776160633,0.06885761122327566
"-13539,4399",-121.61841474050058,39.52138091446216,0.07485417125079544
"-13539,4400",-121.61841474051724,39.530364067211366,0.06360511469445566
"-13539,4401",-121.61841474052991,39.53934722007613,0.06885761122327566
"-13539,4402",-121.6184147404938,39.548330372875895,0.057431071596583554
"-13539,4403",-121.61841474048975,39.55731352570549,0.06885761122327566
"-13539,4404",-121.6184147405092,39.56629667853454,0.06885761122327566
"-13539,4405",-121.61841474050728,39.575279831308514,0.06885761122327566
"-13539,4406",-121.61841474052184,39.58426298413697,0.06885761122327566
"-13539,4407",-121.61841474051845,39.59324613699196,0.06280751095052882
"-13539,4408",-121.61841474052112,39.60222928973932,0.06885761122327566
"-13539,4409",-121.61841474052989,39.61121244260834,0.06885761122327566
"-13539,4410",-121.6184147405205,39.62019559538014,0.06885761122327566
"-13539,4411",-121.61841474050682,39.62917874821599,0.06885761122327566
"-13539,4412",-121.6184147405336,39.63816190107055,0.06885761122327566
"-13539,4413",-121.6184147405335,39.6471450538338,0.06885761122327566
"-13539,4414",-121.61841474052724,39.6561282066912,0.06360511469445566
"-13539,4415",-121.6184147405372,39.66511135947293,0.06885761122327566
"-13539,4416",-121.61841474052537,39.67409451230256,0.06360511469445566
"-13539,4417",-121.61841474051242,39.68307766512346,0.0677224997648465
"-13539,4418",-121.61841474052076,39.692060817870455,0.06360511469445566
"-13539,4419",-121.61841474052795,39.70104397079774,0.06360511469445566
"-13539,4420",-121.61841474053222,39.71002712352274,0.05843969149905288
"-13539,4421",-121.61841474051792,39.7190102763648,0.05843969149905288
"-13539,4422",-121.61841474050752,39.72799342917929,0.052265648401180774
"-13539,4423",-121.6184147405373,39.73697658199547,0.05764208775512603
"-13539,4424",-121.61841474053288,39.74595973485348,0.06369218802787288
"-13539,4425",-121.61841474052709,39.75494288760111,0.06369218802787288
"-13539,4426",-121.61841474050254,39.7639260404572,0.06369218802787288
"-13539,4427",-121.61841474051458,39.77290919323108,0.06369218802787288
"-13539,4428",-121.61841474051822,39.78189234611123,0.03667241555097729
"-13539,4429",-121.61841474052034,39.7908754988759,0.030160864738602845
"-13539,4430",-121.61841474052086,39.79985865169104,0.030160864738602845
"-13539,4431",-121.61841474052672,39.80884180456623,0.030160864738602845
"-13539,4432",-121.61841474052922,39.81782495728832,0.0
"-13539,4433",-121.61841474051272,39.82680811015153,0.0
"-13539,4434",-121.6184147404911,39.835791262981004,0.0
"-13539,4435",-121.61841474048671,39.84477441579587,0.0
"-13539,4436",-121.61841474051346,39.853757568587966,0.0
"-13540,4386",-121.62739789336916,39.404599927834326,0.014849393890007789
"-13540,4387",-121.62739789335087,39.41358308059829,0.014849393890007789
"-13540,4388",-121.62739789334684,39.42256623349625,0.014849393890007789
"-13540,4389",-121.62739789335018,39.43154938629673,0.014849393890007789
"-13540,4390",-121.62739789335222,39.44053253911379,0.014849393890007789
"-13540,4391",-121.62739789335288,39.44951569188529,0.014849393890007789
"-13540,4392",-121.62739789333662,39.458498844707634,0.014849393890007789
"-13540,4393",-121.62739789333092,39.467481997537405,0.06885761122327566
"-13540,4394",-121.62739789333568,39.47646515040663,0.06885761122327566
"-13540,4395",-121.6273978933578,39.48544830314259,0.06885761122327566
"-13540,4396",-121.62739789335237,39.4944314559871,0.06234606041090123
"-13540,4397",-121.62739789335552,39.50341460881343,0.06885761122327566
"-13540,4398",-121.62739789335858,39.5123977616078,0.06885761122327566
"-13540,4399",-121.627397893346,39.521380914456245,0.06360511469445566
"-13540,4400",-121.62739789334007,39.53036406722368,0.06885761122327566
"-13540,4401",-121.62739789335454,39.539347220079975,0.06885761122327566
"-13540,4402",-121.62739789338072,39.548330372866126,0.06280751095052882
"-13540,4403",-121.62739789337375,39.55731352570872,0.06885761122327566
"-13540,4404",-121.62739789334736,39.56629667852718,0.06885761122327566
"-13540,4405",-121.6273978933308,39.57527983130486,0.06885761122327566
"-13540,4406",-121.62739789337566,39.58426298413088,0.06885761122327566
"-13540,4407",-121.6273978933923,39.59324613700591,0.06885761122327566
"-13540,4408",-121.6273978934013,39.602229289732335,0.06885761122327566
"-13540,4409",-121.62739789337158,39.6112124426029,0.06885761122327566
"-13540,4410",-121.62739789338586,39.62019559538851,0.06885761122327566
"-13540,4411",-121.62739789340614,39.62917874821152,0.06885761122327566
"-13540,4412",-121.6273978933788,39.63816190107469,0.06885761122327566
"-13540,4413",-121.62739789336943,39.64714505382405,0.06885761122327566
"-13540,4414",-121.62739789337108,39.6561282066982,0.06885761122327566
"-13540,4415",-121.627397893368,39.66511135947005,0.06885761122327566
"-13540,4416",-121.62739789337412,39.67409451230204,0.06885761122327566
"-13540,4417",-121.62739789337374,39.683077665116095,0.06885761122327566
"-13540,4418",-121.62739789337373,39.69206081788277,0.06360511469445566
"-13540,4419",-121.62739789338784,39.70104397079802,0.0455153313057419
"-13540,4420",-121.62739789339356,39.71002712352834,0.06360511469445566
"-13540,4421",-121.62739789339768,39.7190102763532,0.05843969149905288
"-13540,4422",-121.62739789339156,39.727993429181126,0.06106439405371547
"-13540,4423",-121.62739789338208,39.7369765820056,0.0625570765694437
"-13540,4424",-121.62739789338292,39.74595973484122,0.06369218802787288
"-13540,4425",-121.62739789331972,39.75494288758281,0.06369218802787288
"-13540,4426",-121.62739789333244,39.763926040468526,0.06369218802787288
"-13540,4427",-121.62739789334664,39.77290919323527,0.06369218802787288
"-13540,4428",-121.62739789334675,39.78189234610926,0.03667241555097729
"-13540,4429",-121.62739789333963,39.7908754988749,0.030160864738602845
"-13540,4430",-121.62739789334591,39.79985865169606,0.030160864738602845
"-13540,4431",-121.62739789335004,39.80884180456707,0.0
"-13540,4432",-121.627397893345,39.81782495728597,0.0
"-13540,4433",-121.62739789334452,39.82680811014389,0.0
"-13540,4434",-121.62739789334684,39.835791262977246,0.0
"-13540,4435",-121.62739789334502,39.84477441579595,0.0
"-13540,4436",-121.62739789334584,39.85375756860413,0.0
"-13541,4386",-121.6363810462483,39.40459992783509,0.014849393890007789
"-13541,4387",-121.63638104625288,39.413583080589326,0.014849393890007789
"-13541,4388",-121.63638104623112,39.42256623348983,0.014849393890007789
"-13541,4389",-121.6363810462328,39.43154938630614,0.014849393890007789
"-13541,4390",-121.636381046251,39.44053253911642,0.014849393890007789
"-13541,4391",-121.63638104625456,39.44951569188519,0.014849393890007789
"-13541,4392",-121.63638104627104,39.45849884470784,0.014849393890007789
"-13541,4393",-121.6363810462572,39.46748199752556,0.04519001400942239
"-13541,4394",-121.63638104624228,39.47646515041243,0.06885761122327566
"-13541,4395",-121.63638104623138,39.48544830314345,0.06885761122327566
"-13541,4396",-121.63638104623124,39.49443145598293,0.06885761122327566
"-13541,4397",-121.63638104624866,39.50341460882984,0.06885761122327566
"-13541,4398",-121.63638104623878,39.51239776158734,0.06885761122327566
"-13541,4399",-121.63638104623082,39.52138091446447,0.06885761122327566
"-13541,4400",-121.63638104623844,39.53036406721646,0.06885761122327566
"-13541,4401",-121.63638104623048,39.53934722009109,0.06885761122327566
"-13541,4402",-121.63638104620696,39.54833037285658,0.06885761122327566
"-13541,4403",-121.63638104620392,39.557313525712296,0.06885761122327566
"-13541,4404",-121.63638104622817,39.56629667852231,0.06885761122327566
"-13541,4405",-121.63638104624164,39.5752798313079,0.06885761122327566
"-13541,4406",-121.63638104620642,39.58426298413358,0.06885761122327566
"-13541,4407",-121.63638104619648,39.59324613700718,0.06885761122327566
"-13541,4408",-121.63638104618764,39.602229289731135,0.06885761122327566
"-13541,4409",-121.63638104621766,39.6112124426043,0.06885761122327566
"-13541,4410",-121.63638104620372,39.62019559538732,0.06885761122327566
"-13541,4411",-121.63638104618887,39.62917874821592,0.06885761122327566
"-13541,4412",-121.63638104620928,39.63816190106618,0.06885761122327566
"-13541,4413",-121.63638104620608,39.6471450538251,0.06885761122327566
"-13541,4414",-121.63638104621543,39.65612820670366,0.06885761122327566
"-13541,4415",-121.6363810462132,39.66511135946145,0.06360511469445566
"-13541,4416",-121.63638104619228,39.67409451230185,0.06360511469445566
"-13541,4417",-121.63638104621128,39.68307766512733,0.06360511469445566
"-13541,4418",-121.63638104622356,39.69206081787879,0.06360511469445566
"-13541,4419",-121.63638104619272,39.701043970792085,0.06360511469445566
"-13541,4420",-121.63638104617732,39.71002712352856,0.06360511469445566
"-13541,4421",-121.63638104620505,39.71901027637182,0.06360511469445566
"-13541,4422",-121.63638104622387,39.72799342917005,0.0625570765694437
"-13541,4423",-121.6363810462113,39.73697658200362,0.05718063721549844
"-13541,4424",-121.63638104621045,39.745959734843176,0.06369218802787288
"-13541,4425",-121.63638104626608,39.75494288758456,0.05843969149905288
"-13541,4426",-121.6363810462572,39.763926040469016,0.05843969149905288
"-13541,4427",-121.636381046258,39.77290919324365,0.03667241555097729
"-13541,4428",-121.6363810462684,39.781892346107085,0.030622315278230432
"-13541,4429",-121.63638104625716,39.79087549886621,0.030160864738602845
"-13541,4430",-121.6363810462536,39.79985865170637,0.03667241555097729
"-13541,4431",-121.636381046249,39.80884180455648,0.030622315278230432
"-13541,4432",-121.63638104622768,39.817824957280976,0.030622315278230432
"-13541,4433",-121.6363810462345,39.82680811015263,0.030622315278230432
"-13541,4434",-121.63638104625385,39.835791262981296,0.030622315278230432
"-13541,4435",-121.63638104626138,39.84477441579527,0.03667241555097729
"-13541,4436",-121.636381046257,39.85375756860273,0.035537304092548114
"-13542,4386",-121.64536419900828,39.40459992782467,0.004192157423289499
"-13542,4387",-121.6453641990064,39.41358308060138,0.004192157423289499
"-13542,4388",-121.64536419902358,39.42256623347503,0.014849393890007789
"-13542,4389",-121.64536419900804,39.43154938631268,0.014849393890007789
"-13542,4390",-121.64536419899576,39.44053253911341,0.014849393890007789
"-13542,4391",-121.64536419900048,39.449515691893126,0.014849393890007789
"-13542,4392",-121.64536419899964,39.45849884470922,0.020845953917527568
"-13542,4393",-121.64536419900683,39.46748199752028,0.05765022270985335
"-13542,4394",-121.6453641990066,39.47646515040868,0.06280751095052882
"-13542,4395",-121.64536419900558,39.4854483031401,0.06885761122327566
"-13542,4396",-121.6453641990106,39.494431455989165,0.06885761122327566
"-13542,4397",-121.64536419900598,39.50341460883125,0.06885761122327566
"-13542,4398",-121.64536419901236,39.51239776158385,0.06885761122327566
"-13542,4399",-121.64536419902954,39.52138091447343,0.06885761122327566
"-13542,4400",-121.64536419901958,39.53036406720605,0.0677224997648465
"-13542,4401",-121.64536419901846,39.5393472200961,0.04098906918256252
"-13542,4402",-121.645364199033,39.54833037284621,0.06885761122327566
"-13542,4403",-121.64536419904064,39.55731352572539,0.06885761122327566
"-13542,4404",-121.64536419902578,39.56629667851477,0.06885761122327566
"-13542,4405",-121.64536419900894,39.57527983131347,0.06885761122327566
"-13542,4406",-121.64536419901935,39.58426298413988,0.06885761122327566
"-13542,4407",-121.64536419901896,39.593246136994736,0.06885761122327566
"-13542,4408",-121.64536419900764,39.6022292897316,0.06885761122327566
"-13542,4409",-121.64536419899906,39.611212442616576,0.06885761122327566
"-13542,4410",-121.64536419900683,39.62019559537144,0.06885761122327566
"-13542,4411",-121.64536419900858,39.62917874822399,0.06885761122327566
"-13542,4412",-121.645364199004,39.63816190106747,0.06885761122327566
"-13542,4413",-121.64536419901376,39.64714505382772,0.06885761122327566
"-13542,4414",-121.64536419900672,39.65612820670244,0.06360511469445566
"-13542,4415",-121.64536419900512,39.66511135946041,0.06360511469445566
"-13542,4416",-121.64536419902272,39.67409451230091,0.06360511469445566
"-13542,4417",-121.64536419901444,39.68307766513462,0.06360511469445566
"-13542,4418",-121.64536419900264,39.69206081787178,0.06360511469445566
"-13542,4419",-121.6453641990148,39.701043970788064,0.03667241555097729
"-13542,4420",-121.6453641990353,39.710027123535646,0.06360511469445566
"-13542,4421",-121.64536419900524,39.71901027636336,0.06360511469445566
"-13542,4422",-121.64536419899711,39.72799342918484,0.05843969149905288
"-13542,4423",-121.64536419901768,39.73697658199356,0.0625570765694437
"-13542,4424",-121.6453641989925,39.74595973483785,0.05843969149905288
"-13542,4425",-121.64536419899407,39.75494288759715,0.05843969149905288
"-13542,4426",-121.64536419899288,39.763926040450464,0.03667241555097729
"-13542,4427",-121.64536419897316,39.77290919325105,0.030160864738602845
"-13542,4428",-121.64536419898508,39.78189234611284,0.035537304092548114
"-13542,4429",-121.64536419900594,39.79087549886616,0.030622315278230432
"-13542,4430",-121.6453641990132,39.79985865170861,0.05755501442170882
"-13542,4431",-121.64536419900664,39.80884180454768,0.06360511469445566
"-13542,4432",-121.645364199007,39.81782495727741,0.03667241555097729
"-13542,4433",-121.64536419900548,39.82680811015933,0.035537304092548114
"-13542,4434",-121.645364198995,39.83579126297982,0.035537304092548114
"-13542,4435",-121.6453641989893,39.84477441579782,0.030160864738602845
"-13542,4436",-121.64536419899515,39.85375756860107,0.030160864738602845
"-13543,4386",-121.65434735188369,39.40459992783378,0.004192157423289499
"-13543,4387",-121.6543473519028,39.413583080602585,0.014849393890007789
"-13543,4388",-121.65434735188482,39.42256623347336,0.004192157423289499
"-13543,4389",-121.65434735188803,39.43154938630703,0.004192157423289499
"-13543,4390",-121.65434735190378,39.44053253912114,0.009035100569382252
"-13543,4391",-121.6543473519026,39.44951569188749,0.014849393890007789
"-13543,4392",-121.65434735189808,39.458498844711656,0.0345327775427041
"-13543,4393",-121.6543473518884,39.4674819975164,0.0345327775427041
"-13543,4394",-121.65434735188032,39.476465150407584,0.02876446194432333
"-13543,4395",-121.65434735188911,39.48544830314583,0.06885761122327566
"-13543,4396",-121.65434735189056,39.49443145598728,0.06885761122327566
"-13543,4397",-121.65434735187594,39.50341460882168,0.06885761122327566
"-13543,4398",-121.6543473518829,39.51239776160137,0.06885761122327566
"-13543,4399",-121.65434735188728,39.52138091446877,0.0677224997648465
"-13543,4400",-121.65434735188892,39.53036406720574,0.06280751095052882
"-13543,4401",-121.65434735188757,39.53934722009497,0.051155256232958565
"-13543,4402",-121.65434735188836,39.54833037285646,0.06280751095052882
"-13543,4403",-121.65434735189103,39.55731352572132,0.06885761122327566
"-13543,4404",-121.65434735190937,39.56629667852089,0.06885761122327566
"-13543,4405",-121.65434735192764,39.5752798313082,0.06885761122327566
"-13543,4406",-121.65434735189396,39.584262984131335,0.06885761122327566
"-13543,4407",-121.65434735189608,39.59324613700432,0.06885761122327566
"-13543,4408",-121.65434735189594,39.60222928971521,0.06885761122327566
"-13543,4409",-121.65434735187792,39.611212442617145,0.06885761122327566
"-13543,4410",-121.65434735190048,39.62019559538887,0.06885761122327566
"-13543,4411",-121.6543473519186,39.62917874821831,0.06885761122327566
"-13543,4412",-121.65434735190804,39.63816190106418,0.06885761122327566
"-13543,4413",-121.65434735191344,39.64714505384002,0.06885761122327566
"-13543,4414",-121.65434735191224,39.65612820668524,0.06885761122327566
"-13543,4415",-121.65434735189568,39.66511135946684,0.06360511469445566
"-13543,4416",-121.6543473518998,39.67409451230735,0.06360511469445566
"-13543,4417",-121.654347351909,39.68307766512873,0.062470003236026486
"-13543,4418",-121.65434735190064,39.69206081786572,0.06360511469445566
"-13543,4419",-121.6543473518884,39.70104397079405,0.06360511469445566
"-13543,4420",-121.654347351879,39.71002712353621,0.06360511469445566
"-13543,4421",-121.65434735188612,39.71901027634924,0.06360511469445566
"-13543,4422",-121.65434735188715,39.727993429194775,0.06369218802787288
"-13543,4423",-121.65434735189584,39.7369765820009,0.06369218802787288
"-13543,4424",-121.65434735191884,39.74595973482923,0.06360511469445566
"-13543,4425",-121.65434735191116,39.75494288760214,0.03667241555097729
"-13543,4426",-121.6543473519158,39.7639260404475,0.035537304092548114
"-13543,4427",-121.6543473519326,39.77290919325234,0.035537304092548114
"-13543,4428",-121.65434735192343,39.78189234611317,0.039465231032995055
"-13543,4429",-121.65434735191752,39.79087549887465,0.06360511469445566
"-13543,4430",-121.65434735189912,39.79985865169353,0.05755501442170882
"-13543,4431",-121.65434735188886,39.80884180455284,0.06360511469445566
"-13543,4432",-121.65434735190908,39.81782495728437,0.0455153313057419
"-13543,4433",-121.65434735192152,39.82680811015882,0.035537304092548114
"-13543,4434",-121.65434735191054,39.83579126296767,0.030160864738602845
"-13543,4435",-121.65434735190536,39.84477441580355,0.030160864738602845
"-13543,4436",-121.6543473518972,39.853757568593984,0.0
"-13544,4386",-121.66333050473932,39.404599927834646,0.009035100569382252
"-13544,4387",-121.66333050472076,39.41358308060207,0.014849393890007789
"-13544,4388",-121.6633305047483,39.42256623347958,0.014849393890007789
"-13544,4389",-121.6633305047547,39.43154938630654,0.014849393890007789
"-13544,4390",-121.66333050471736,39.44053253910873,0.004192157423289499
"-13544,4391",-121.6633305047084,39.44951569189382,0.014849393890007789
"-13544,4392",-121.66333050473456,39.4584988447182,0.04519001400942239
"-13544,4393",-121.66333050474395,39.467481997509694,0.039193453981902604
"-13544,4394",-121.66333050474331,39.47646515040908,0.02876446194432333
"-13544,4395",-121.6633305047377,39.48544830314621,0.06885761122327566
"-13544,4396",-121.66333050474924,39.49443145599465,0.06280751095052882
"-13544,4397",-121.66333050475536,39.50341460880927,0.06280751095052882
"-13544,4398",-121.66333050474734,39.51239776161315,0.06885761122327566
"-13544,4399",-121.66333050475424,39.52138091446369,0.06885761122327566
"-13544,4400",-121.66333050475176,39.53036406721032,0.02876446194432333
"-13544,4401",-121.66333050473976,39.53934722008246,0.057782924330724676
"-13544,4402",-121.6633305047404,39.54833037286981,0.06280751095052882
"-13544,4403",-121.66333050472944,39.55731352570307,0.06885761122327566
"-13544,4404",-121.66333050470668,39.5662966785365,0.06885761122327566
"-13544,4405",-121.6633305047012,39.5752798313002,0.06885761122327566
"-13544,4406",-121.66333050473357,39.58426298413854,0.06885761122327566
"-13544,4407",-121.66333050473636,39.59324613700004,0.06885761122327566
"-13544,4408",-121.6633305047318,39.602229289716725,0.06885761122327566
"-13544,4409",-121.6633305047404,39.61121244261005,0.06885761122327566
"-13544,4410",-121.66333050472409,39.62019559539966,0.06885761122327566
"-13544,4411",-121.66333050473432,39.62917874822437,0.06885761122327566
"-13544,4412",-121.66333050474864,39.63816190106031,0.06885761122327566
"-13544,4413",-121.66333050473564,39.64714505383941,0.06885761122327566
"-13544,4414",-121.66333050473156,39.656128206682695,0.06885761122327566
"-13544,4415",-121.6633305047361,39.66511135946224,0.06360511469445566
"-13544,4416",-121.66333050471803,39.67409451230371,0.06360511469445566
"-13544,4417",-121.66333050470658,39.68307766513102,0.06360511469445566
"-13544,4418",-121.66333050473082,39.69206081787284,0.06360511469445566
"-13544,4419",-121.66333050475272,39.70104397079259,0.06360511469445566
"-13544,4420",-121.66333050473398,39.710027123521,0.06360511469445566
"-13544,4421",-121.6633305047332,39.71901027636821,0.06885761122327566
"-13544,4422",-121.6633305047502,39.72799342918649,0.06360511469445566
"-13544,4423",-121.66333050472431,39.73697658199901,0.05843969149905288
"-13544,4424",-121.66333050470551,39.74595973483362,0.030622315278230432
"-13544,4425",-121.66333050470917,39.75494288759534,0.039465231032995055
"-13544,4426",-121.66333050471256,39.763926040459054,0.030160864738602845
"-13544,4427",-121.66333050471384,39.77290919325149,0.03667241555097729
"-13544,4428",-121.6633305047128,39.781892346108,0.06360511469445566
"-13544,4429",-121.66333050472316,39.790875498882414,0.03900378049336746
"-13544,4430",-121.66333050473608,39.799858651682506,0.05709356388208123
"-13544,4431",-121.66333050474437,39.80884180456272,0.05709356388208123
"-13544,4432",-121.66333050473236,39.81782495727933,0.030160864738602845
"-13544,4433",-121.6633305047206,39.826808110164286,0.035537304092548114
"-13544,4434",-121.66333050473835,39.8357912629662,0.030160864738602845
"-13544,4435",-121.66333050474044,39.8447744158032,0.0
"-13544,4436",-121.66333050474051,39.853757568589565,0.0
"-13545,4386",-121.67231365760362,39.40459992782715,0.004192157423289499
"-13545,4387",-121.67231365761258,39.41358308060384,0.014849393890007789
"-13545,4388",-121.67231365758916,39.42256623348026,0.004192157423289499
"-13545,4389",-121.67231365758305,39.43154938630601,0.004192157423289499
"-13545,4390",-121.6723136576009,39.44053253909766,0.014849393890007789
"-13545,4391",-121.67231365760637,39.449515691902825,0.014849393890007789
"-13545,4392",-121.67231365759064,39.45849884471541,0.049053719831083475
"-13545,4393",-121.6723136575742,39.46748199750829,0.0345327775427041
"-13545,4394",-121.6723136575706,39.476465150407954,0.0345327775427041
"-13545,4395",-121.67231365759508,39.48544830315857,0.04519001400942239
"-13545,4396",-121.67231365758724,39.49443145598448,0.03500666984032205
"-13545,4397",-121.67231365756749,39.50341460881133,0.04519001400942239
"-13545,4398",-121.67231365758734,39.51239776161811,0.06280751095052882
"-13545,4399",-121.67231365757937,39.52138091445807,0.06280751095052882
"-13545,4400",-121.67231365757264,39.53036406721045,0.004192157423289499
"-13545,4401",-121.67231365758764,39.53934722008411,0.009035100569382252
"-13545,4402",-121.6723136575794,39.548330372863646,0.018107225477605036
"-13545,4403",-121.67231365757696,39.55731352570128,0.06280751095052882
"-13545,4404",-121.67231365759396,39.56629667853485,0.06885761122327566
"-13545,4405",-121.67231365758528,39.57527983129346,0.06885761122327566
"-13545,4406",-121.6723136575646,39.58426298415221,0.06885761122327566
"-13545,4407",-121.67231365759028,39.59324613700328,0.06885761122327566
"-13545,4408",-121.6723136576018,39.60222928971761,0.06280751095052882
"-13545,4409",-121.67231365759892,39.61121244261257,0.06885761122327566
"-13545,4410",-121.67231365761074,39.62019559539446,0.06885761122327566
"-13545,4411",-121.67231365758364,39.62917874821957,0.06885761122327566
"-13545,4412",-121.67231365757604,39.63816190106906,0.06885761122327566
"-13545,4413",-121.6723136575877,39.64714505382989,0.06360511469445566
"-13545,4414",-121.67231365758047,39.65612820668549,0.06360511469445566
"-13545,4415",-121.67231365759734,39.66511135947212,0.06360511469445566
"-13545,4416",-121.67231365760868,39.67409451228989,0.06360511469445566
"-13545,4417",-121.67231365760571,39.68307766513631,0.06360511469445566
"-13545,4418",-121.67231365760205,39.69206081787975,0.06360511469445566
"-13545,4419",-121.6723136575905,39.701043970791794,0.06360511469445566
"-13545,4420",-121.67231365759162,39.7100271235114,0.06360511469445566
"-13545,4421",-121.67231365758968,39.71901027637621,0.06360511469445566
"-13545,4422",-121.67231365759136,39.72799342918952,0.06360511469445566
"-13545,4423",-121.67231365760334,39.73697658198776,0.06360511469445566
"-13545,4424",-121.672313657603,39.74595973483354,0.06360511469445566
"-13545,4425",-121.6723136575884,39.75494288758894,0.030622315278230432
"-13545,4426",-121.67231365758866,39.76392604046763,0.06360511469445566
"-13545,4427",-121.67231365758118,39.77290919323922,0.06360511469445566
"-13545,4428",-121.67231365757952,39.781892346118674,0.030160864738602845
"-13545,4429",-121.6723136575904,39.79087549888428,0.035537304092548114
"-13545,4430",-121.67231365757556,39.79985865167951,0.035537304092548114
"-13545,4431",-121.67231365757117,39.80884180456801,0.035537304092548114
"-13545,4432",-121.67231365757696,39.81782495727036,0.0
"-13545,4433",-121.67231365757716,39.826808110166446,0.0
"-13545,4434",-121.6723136575854,39.83579126297937,0.0
"-13545,4435",-121.67231365757902,39.84477441578749,0.0
"-13545,4436",-121.67231365757162,39.85375756860096,0.0
"-13546,4386",-121.68129681036994,39.404599927842,0.0
"-13546,4387",-121.68129681037529,39.413583080597554,0.004842943146092752
"-13546,4388",-121.68129681037983,39.422566233475294,0.009035100569382252
"-13546,4389",-121.68129681038332,39.43154938630944,0.009035100569382252
"-13546,4390",-121.68129681039072,39.44053253910932,0.009035100569382252
"-13546,4391",-121.68129681038636,39.44951569189183,0.021235838986130306
"-13546,4392",-121.68129681036304,39.45849884470314,0.04280019669433224
"-13546,4393",-121.68129681037902,39.467481997520295,0.04280019669433224
"-13546,4394",-121.68129681040314,39.47646515040819,0.04280019669433224
"-13546,4395",-121.68129681037496,39.48544830315611,0.04280019669433224
"-13546,4396",-121.6812968103751,39.49443145598233,0.0345327775427041
"-13546,4397",-121.6812968104033,39.50341460881854,0.04280019669433224
"-13546,4398",-121.68129681036982,39.512397761602784,0.014849393890007789
"-13546,4399",-121.68129681036912,39.521380914468246,0.004192157423289499
"-13546,4400",-121.68129681038552,39.53036406720604,0.004192157423289499
"-13546,4401",-121.68129681036706,39.53934722008648,0.009035100569382252
"-13546,4402",-121.6812968103721,39.54833037285936,0.028536217515184318
"-13546,4403",-121.68129681039174,39.557313525715806,0.047231277078561236
"-13546,4404",-121.68129681038792,39.566296678528126,0.04098906918256252
"-13546,4405",-121.68129681038964,39.57527983129607,0.06885761122327566
"-13546,4406",-121.6812968104036,39.5842629841456,0.06885761122327566
"-13546,4407",-121.68129681036922,39.59324613700472,0.06234606041090123
"-13546,4408",-121.68129681036729,39.602229289721855,0.03561262982861725
"-13546,4409",-121.68129681038202,39.61121244261537,0.06885761122327566
"-13546,4410",-121.68129681037529,39.6201955953947,0.06885761122327566
"-13546,4411",-121.68129681037615,39.629178748203785,0.06885761122327566
"-13546,4412",-121.68129681036883,39.63816190107601,0.06885761122327566
"-13546,4413",-121.68129681036696,39.64714505382875,0.06885761122327566
"-13546,4414",-121.68129681037716,39.656128206688415,0.06360511469445566
"-13546,4415",-121.68129681037676,39.66511135947896,0.06360511469445566
"-13546,4416",-121.68129681037932,39.67409451229129,0.06360511469445566
"-13546,4417",-121.6812968103691,39.683077665127065,0.06360511469445566
"-13546,4418",-121.6812968103527,39.69206081787711,0.06360511469445566
"-13546,4419",-121.68129681035072,39.70104397078643,0.069380655212693
"-13546,4420",-121.6812968103629,39.71002712352461,0.06360511469445566
"-13546,4421",-121.6812968103889,39.71901027637723,0.06360511469445566
"-13546,4422",-121.68129681037504,39.7279934291813,0.06360511469445566
"-13546,4423",-121.68129681035734,39.73697658199262,0.06360511469445566
"-13546,4424",-121.6812968103804,39.74595973484215,0.06360511469445566
"-13546,4425",-121.6812968104061,39.75494288762161,0.06360511469445566
"-13546,4426",-121.68129681038054,39.763926040454784,0.062470003236026486
"-13546,4427",-121.6812968103779,39.77290919324606,0.06360511469445566
"-13546,4428",-121.68129681038228,39.781892346113445,0.05843969149905288
"-13546,4429",-121.68129681035543,39.7908754988801,0.05501429378096862
"-13546,4430",-121.68129681037148,39.79985865168442,0.05843969149905288
"-13546,4431",-121.68129681036967,39.80884180455943,0.039465231032995055
"-13546,4432",-121.68129681037055,39.81782495728286,0.039465231032995055
"-13546,4433",-121.68129681039632,39.82680811016928,0.0
"-13546,4434",-121.6812968103724,39.83579126296729,0.0
"-13546,4435",-121.68129681037114,39.844774415795065,0.03667241555097729
"-13546,4436",-121.68129681039238,39.85375756860154,0.03667241555097729
"-13547,4386",-121.69027996323058,39.40459992784309,0.004192157423289499
"-13547,4387",-121.69027996324748,39.41358308060975,0.004192157423289499
"-13547,4388",-121.69027996325742,39.42256623347173,0.004192157423289499
"-13547,4389",-121.69027996325316,39.431549386312525,0.009035100569382252
"-13547,4390",-121.69027996323442,39.44053253909948,0.004192157423289499
"-13547,4391",-121.6902799632354,39.449515691899656,0.014849393890007789
"-13547,4392",-121.69027996325585,39.4584988446936,0.014849393890007789
"-13547,4393",-121.69027996325076,39.467481997536325,0.014849393890007789
"-13547,4394",-121.69027996325596,39.476465150409645,0.014849393890007789
"-13547,4395",-121.69027996325572,39.48544830313774,0.014849393890007789
"-13547,4396",-121.69027996324978,39.49443145599726,0.014849393890007789
"-13547,4397",-121.69027996323618,39.50341460881231,0.014849393890007789
"-13547,4398",-121.69027996325076,39.512397761597775,0.014849393890007789
"-13547,4399",-121.69027996326405,39.52138091448074,0.004192157423289499
"-13547,4400",-121.69027996324476,39.53036406719181,0.004192157423289499
"-13547,4401",-121.69027996324428,39.53934722008944,0.004192157423289499
"-13547,4402",-121.6902799632537,39.54833037286502,0.04495592770233159
"-13547,4403",-121.69027996325735,39.557313525724005,0.034515620423999804
"-13547,4404",-121.6902799632618,39.56629667852031,0.06280751095052882
"-13547,4405",-121.69027996325818,39.57527983130278,0.06885761122327566
"-13547,4406",-121.69027996324628,39.584262984140096,0.06885761122327566
"-13547,4407",-121.690279963255,39.593246136995006,0.04098906918256252
"-13547,4408",-121.69027996325316,39.60222928972931,0.06885761122327566
"-13547,4409",-121.69027996324736,39.611212442613216,0.06885761122327566
"-13547,4410",-121.69027996324424,39.620195595391,0.06885761122327566
"-13547,4411",-121.69027996325732,39.62917874821575,0.06885761122327566
"-13547,4412",-121.6902799632639,39.63816190106362,0.06885761122327566
"-13547,4413",-121.6902799632482,39.64714505383073,0.06885761122327566
"-13547,4414",-121.69027996324624,39.6561282066913,0.06885761122327566
"-13547,4415",-121.69027996324908,39.66511135947751,0.06360511469445566
"-13547,4416",-121.69027996325646,39.674094512298616,0.06360511469445566
"-13547,4417",-121.69027996325258,39.68307766511136,0.06360511469445566
"-13547,4418",-121.69027996325792,39.69206081788627,0.06360511469445566
"-13547,4419",-121.69027996326524,39.70104397078043,0.07463315174151301
"-13547,4420",-121.6902799632588,39.710027123533976,0.06360511469445566
"-13547,4421",-121.69027996325902,39.7190102763834,0.06360511469445566
"-13547,4422",-121.69027996326568,39.72799342917086,0.06360511469445566
"-13547,4423",-121.69027996326292,39.73697658199096,0.06360511469445566
"-13547,4424",-121.69027996324184,39.745959734845016,0.06360511469445566
"-13547,4425",-121.69027996322468,39.75494288762376,0.0455153313057419
"-13547,4426",-121.6902799632474,39.763926040450976,0.05843969149905288
"-13547,4427",-121.6902799632562,39.7729091932535,0.06369218802787288
"-13547,4428",-121.69027996325778,39.78189234610952,0.05843969149905288
"-13547,4429",-121.69027996327426,39.79087549887792,0.0455153313057419
"-13547,4430",-121.69027996326048,39.799858651687934,0.03667241555097729
"-13547,4431",-121.69027996325931,39.8088418045542,0.05755501442170882
"-13547,4432",-121.69027996325508,39.817824957286085,0.059929282595286286
"-13547,4433",-121.69027996324736,39.82680811017669,0.030622315278230432
"-13547,4434",-121.6902799632567,39.83579126295127,0.030622315278230432
"-13547,4435",-121.69027996326729,39.84477441581663,0.035537304092548114
"-13547,4436",-121.6902799632564,39.85375756858608,0.0
"-13548,4386",-121.69926311611704,39.40459992783852,0.0
"-13548,4387",-121.69926311609892,39.41358308061358,0.004192157423289499
"-13548,4388",-121.69926311610702,39.42256623347866,0.009035100569382252
"-13548,4389",-121.69926311611708,39.43154938630905,0.004192157423289499
"-13548,4390",-121.69926311611329,39.44053253908953,0.009035100569382252
"-13548,4391",-121.69926311610392,39.449515691904615,0.004192157423289499
"-13548,4392",-121.69926311611624,39.45849884470817,0.004192157423289499
"-13548,4393",-121.69926311611896,39.46748199752036,0.004192157423289499
"-13548,4394",-121.69926311610496,39.47646515042037,0.004192157423289499
"-13548,4395",-121.69926311613246,39.48544830314323,0.009035100569382252
"-13548,4396",-121.69926311612538,39.49443145598401,0.009035100569382252
"-13548,4397",-121.69926311611276,39.50341460880992,0.009035100569382252
"-13548,4398",-121.6992631161235,39.51239776161526,0.009035100569382252
"-13548,4399",-121.6992631161126,39.521380914464665,0.004192157423289499
"-13548,4400",-121.69926311611589,39.53036406719837,0.009035100569382252
"-13548,4401",-121.6992631161314,39.53934722009181,0.009035100569382252
"-13548,4402",-121.69926311611404,39.548330372857954,0.009035100569382252
"-13548,4403",-121.6992631160928,39.55731352572061,0.04495592770233159
"-13548,4404",-121.69926311608975,39.56629667852453,0.06280751095052882
"-13548,4405",-121.69926311609602,39.57527983130014,0.06885761122327566
"-13548,4406",-121.69926311610958,39.5842629841437,0.06885761122327566
"-13548,4407",-121.69926311610084,39.5932461369914,0.0677224997648465
"-13548,4408",-121.69926311609882,39.602229289730616,0.06885761122327566
"-13548,4409",-121.69926311610152,39.61121244261005,0.06885761122327566
"-13548,4410",-121.69926311609312,39.6201955953873,0.06885761122327566
"-13548,4411",-121.69926311609572,39.629178748228746,0.06885761122327566
"-13548,4412",-121.69926311610044,39.63816190105733,0.06885761122327566
"-13548,4413",-121.69926311611384,39.64714505383568,0.06885761122327566
"-13548,4414",-121.69926311612014,39.656128206688905,0.06885761122327566
"-13548,4415",-121.6992631161035,39.66511135947172,0.06360511469445566
"-13548,4416",-121.69926311609296,39.67409451230253,0.06885761122327566
"-13548,4417",-121.699263116109,39.68307766511464,0.06360511469445566
"-13548,4418",-121.69926311612188,39.69206081789379,0.06360511469445566
"-13548,4419",-121.69926311612274,39.701043970777775,0.06360511469445566
"-13548,4420",-121.69926311611816,39.71002712353012,0.06360511469445566
"-13548,4421",-121.6992631161148,39.7190102763854,0.06885761122327566
"-13548,4422",-121.69926311610368,39.72799342916623,0.06360511469445566
"-13548,4423",-121.69926311610696,39.73697658199591,0.06360511469445566
"-13548,4424",-121.69926311611576,39.74595973483281,0.06360511469445566
"-13548,4425",-121.69926311612112,39.75494288762896,0.05843969149905288
"-13548,4426",-121.6992631161228,39.76392604046016,0.05843969149905288
"-13548,4427",-121.69926311612036,39.7729091932481,0.05843969149905288
"-13548,4428",-121.69926311610496,39.78189234610675,0.06106439405371547
"-13548,4429",-121.69926311609012,39.79087549888168,0.0455153313057419
"-13548,4430",-121.6992631161119,39.79985865168887,0.05709356388208123
"-13548,4431",-121.6992631161181,39.80884180455624,0.05455284324134103
"-13548,4432",-121.69926311612222,39.81782495728397,0.035537304092548114
"-13548,4433",-121.6992631161154,39.82680811017024,0.035537304092548114
"-13548,4434",-121.69926311611978,39.83579126296582,0.030160864738602845
"-13548,4435",-121.69926311611252,39.84477441580406,0.030622315278230432
"-13548,4436",-121.69926311610722,39.85375756858909,0.03667241555097729
"-13549,4386",-121.70824626896471,39.40459992783635,0.004192157423289499
"-13549,4387",-121.70824626896275,39.41358308060376,0.004192157423289499
"-13549,4388",-121.70824626895168,39.42256623348668,0.0
"-13549,4389",-121.70824626893788,39.43154938629881,0.009035100569382252
"-13549,4390",-121.70824626894348,39.44053253910083,0.009035100569382252
"-13549,4391",-121.70824626894414,39.44951569188806,0.009035100569382252
"-13549,4392",-121.70824626892396,39.45849884472002,0.004192157423289499
"-13549,4393",-121.70824626893426,39.467481997516295,0.009035100569382252
"-13549,4394",-121.70824626893692,39.47646515041765,0.009035100569382252
"-13549,4395",-121.708246268923,39.485448303154,0.009035100569382252
"-13549,4396",-121.70824626894375,39.49443145598141,0.009035100569382252
"-13549,4397",-121.70824626894724,39.50341460880709,0.013132892698134132
"-13549,4398",-121.70824626893146,39.51239776161511,0.004192157423289499
"-13549,4399",-121.70824626894604,39.521380914467,0.004192157423289499
"-13549,4400",-121.70824626895448,39.530364067203,0.004192157423289499
"-13549,4401",-121.708246268934,39.53934722008423,0.004192157423289499
"-13549,4402",-121.70824626894974,39.54833037286459,0.028536217515184318
"-13549,4403",-121.70824626896358,39.55731352570957,0.02876446194432333
"-13549,4404",-121.70824626895106,39.56629667852631,0.03561262982861725
"-13549,4405",-121.70824626894968,39.57527983130126,0.04098906918256252
"-13549,4406",-121.70824626889198,39.58426298414298,0.04098906918256252
"-13549,4407",-121.70824626892411,39.593246137006034,0.06885761122327566
"-13549,4408",-121.70824626892684,39.6022292897164,0.06885761122327566
"-13549,4409",-121.7082462688998,39.61121244260982,0.06885761122327566
"-13549,4410",-121.7082462689082,39.62019559538755,0.06885761122327566
"-13549,4411",-121.70824626891384,39.62917874823338,0.06885761122327566
"-13549,4412",-121.70824626892322,39.63816190106108,0.06885761122327566
"-13549,4413",-121.70824626892058,39.64714505383831,0.06885761122327566
"-13549,4414",-121.70824626891245,39.65612820668518,0.06885761122327566
"-13549,4415",-121.70824626891228,39.66511135946551,0.06885761122327566
"-13549,4416",-121.70824626890428,39.67409451229777,0.06360511469445566
"-13549,4417",-121.7082462689105,39.683077665132586,0.06360511469445566
"-13549,4418",-121.70824626892204,39.6920608178903,0.06360511469445566
"-13549,4419",-121.70824626892302,39.70104397078234,0.06360511469445566
"-13549,4420",-121.70824626892694,39.710027123525165,0.07463315174151301
"-13549,4421",-121.708246268911,39.71901027637893,0.06360511469445566
"-13549,4422",-121.7082462689112,39.72799342916623,0.06360511469445566
"-13549,4423",-121.70824626891164,39.7369765819981,0.06360511469445566
"-13549,4424",-121.70824626891198,39.745959734836006,0.06360511469445566
"-13549,4425",-121.7082462689102,39.75494288762791,0.06885761122327566
"-13549,4426",-121.70824626895084,39.76392604045968,0.06360511469445566
"-13549,4427",-121.70824626895764,39.77290919325117,0.06360511469445566
"-13549,4428",-121.70824626895268,39.78189234609168,0.06360511469445566
"-13549,4429",-121.7082462689426,39.790875498882016,0.062470003236026486
"-13549,4430",-121.70824626894776,39.79985865170442,0.059929282595286286
"-13549,4431",-121.70824626895234,39.80884180454703,0.06106439405371547
"-13549,4432",-121.70824626894904,39.81782495729366,0.06106439405371547
"-13549,4433",-121.70824626894444,39.826808110153806,0.06106439405371547
"-13549,4434",-121.70824626894348,39.83579126298426,0.03667241555097729
"-13549,4435",-121.7082462689458,39.84477441578272,0.05755501442170882
"-13549,4436",-121.70824626893554,39.85375756860124,0.06360511469445566
"-13550,4386",-121.71722942175036,39.40459992783638,0.004192157423289499
"-13550,4387",-121.7172294217419,39.41358308059754,0.004192157423289499
"-13550,4388",-121.71722942172666,39.42256623347714,0.004192157423289499
"-13550,4389",-121.7172294217403,39.4315493863083,0.004192157423289499
"-13550,4390",-121.7172294217602,39.44053253910656,0.009035100569382252
"-13550,4391",-121.717229421755,39.449515691879625,0.009035100569382252
"-13550,4392",-121.71722942175366,39.45849884471564,0.009035100569382252
"-13550,4393",-121.71722942175572,39.46748199752808,0.009035100569382252
"-13550,4394",-121.71722942174374,39.47646515040032,0.009035100569382252
"-13550,4395",-121.7172294217328,39.4854483031565,0.013132892698134132
"-13550,4396",-121.7172294217294,39.49443145598925,0.025593101398565098
"-13550,4397",-121.71722942173156,39.5034146088026,0.004192157423289499
"-13550,4398",-121.71722942173888,39.51239776161454,0.004192157423289499
"-13550,4399",-121.71722942173552,39.52138091447425,0.004192157423289499
"-13550,4400",-121.7172294217349,39.5303640672004,0.009035100569382252
"-13550,4401",-121.71722942174355,39.53934722007981,0.004192157423289499
"-13550,4402",-121.71722942174569,39.54833037287964,0.004192157423289499
"-13550,4403",-121.71722942175468,39.55731352570808,0.05152940119397346
"-13550,4404",-121.71722942176324,39.56629667852547,0.02434943337360376
"-13550,4405",-121.71722942174704,39.57527983129166,0.05739746412895729
"-13550,4406",-121.71722942183833,39.58426298414591,0.06885761122327566
"-13550,4407",-121.71722942181444,39.59324613700799,0.06885761122327566
"-13550,4408",-121.71722942181468,39.602229289716185,0.06885761122327566
"-13550,4409",-121.71722942185248,39.611212442616406,0.06885761122327566
"-13550,4410",-121.71722942184638,39.62019559538234,0.06885761122327566
"-13550,4411",-121.71722942180986,39.62917874822027,0.04098906918256252
"-13550,4412",-121.71722942177882,39.63816190106134,0.06885761122327566
"-13550,4413",-121.717229421796,39.64714505384665,0.06885761122327566
"-13550,4414",-121.71722942181624,39.65612820668399,0.06885761122327566
"-13550,4415",-121.7172294218322,39.66511135947608,0.06885761122327566
"-13550,4416",-121.71722942184192,39.67409451228821,0.06360511469445566
"-13550,4417",-121.71722942182946,39.68307766513844,0.06360511469445566
"-13550,4418",-121.71722942180136,39.69206081787464,0.06360511469445566
"-13550,4419",-121.71722942179352,39.701043970793954,0.06360511469445566
"-13550,4420",-121.7172294218125,39.71002712352713,0.06360511469445566
"-13550,4421",-121.71722942182004,39.71901027637199,0.06360511469445566
"-13550,4422",-121.71722942180874,39.7279934291666,0.06360511469445566
"-13550,4423",-121.71722942180595,39.73697658199636,0.06360511469445566
"-13550,4424",-121.71722942181827,39.74595973484522,0.06360511469445566
"-13550,4425",-121.71722942181594,39.75494288761624,0.06360511469445566
"-13550,4426",-121.71722942172956,39.76392604047084,0.03667241555097729
"-13550,4427",-121.71722942174524,39.772909193253305,0.06360511469445566
"-13550,4428",-121.71722942175732,39.78189234609376,0.06360511469445566
"-13550,4429",-121.71722942177232,39.79087549888285,0.06106439405371547
"-13550,4430",-121.71722942174505,39.79985865169052,0.06106439405371547
"-13550,4431",-121.7172294217338,39.80884180455699,0.05501429378096862
"-13550,4432",-121.7172294217366,39.8178249572834,0.03667241555097729
"-13550,4433",-121.71722942173052,39.8268081101578,0.03667241555097729
"-13550,4434",-121.71722942173083,39.83579126297988,0.062470003236026486
"-13550,4435",-121.7172294217354,39.8447744157912,0.030160864738602845
"-13550,4436",-121.71722942175089,39.85375756859583,0.030160864738602845
"-13551,4386",-121.72621257460668,39.40459992782916,0.004192157423289499
"-13551,4387",-121.726212574619,39.41358308060707,0.009035100569382252
"-13551,4388",-121.72621257464226,39.4225662334724,0.009035100569382252
"-13551,4389",-121.72621257462286,39.43154938630962,0.009035100569382252
"-13551,4390",-121.72621257460344,39.4405325391055,0.004192157423289499
"-13551,4391",-121.72621257462131,39.44951569188829,0.004192157423289499
"-13551,4392",-121.72621257463835,39.45849884471632,0.009035100569382252
"-13551,4393",-121.72621257463015,39.46748199752373,0.009035100569382252
"-13551,4394",-121.72621257464104,39.476465150404,0.009035100569382252
"-13551,4395",-121.72621257463962,39.48544830314547,0.004192157423289499
"-13551,4396",-121.7262125746393,39.49443145599811,0.014849393890007789
"-13551,4397",-121.72621257466211,39.5034146088086,0.009035100569382252
"-13551,4398",-121.72621257464743,39.51239776160414,0.009035100569382252
"-13551,4399",-121.72621257462409,39.521380914468736,0.013132892698134132
"-13551,4400",-121.72621257462792,39.530364067207785,0.009035100569382252
"-13551,4401",-121.72621257462752,39.53934722007734,0.009035100569382252
"-13551,4402",-121.72621257462252,39.54833037288039,0.009035100569382252
"-13551,4403",-121.72621257461252,39.557313525706725,0.009035100569382252
"-13551,4404",-121.72621257460236,39.56629667852589,0.04495592770233159
"-13551,4405",-121.72621257462092,39.57527983129263,0.0637839092250798
"-13551,4406",-121.72621257458684,39.584262984152296,0.04583201232865527
"-13551,4407",-121.72621257459453,39.59324613699198,0.06280751095052882
"-13551,4408",-121.72621257458329,39.602229289725656,0.06885761122327566
"-13551,4409",-121.7262125745682,39.61121244262041,0.04098906918256252
"-13551,4410",-121.72621257457654,39.62019559537968,0.05739746412895729
"-13551,4411",-121.7262125745924,39.62917874821069,0.05739746412895729
"-13551,4412",-121.7262125746154,39.63816190106613,0.06885761122327566
"-13551,4413",-121.72621257460725,39.6471450538472,0.06885761122327566
"-13551,4414",-121.7262125745813,39.65612820668007,0.06885761122327566
"-13551,4415",-121.72621257456652,39.665111359480726,0.06885761122327566
"-13551,4416",-121.72621257456252,39.674094512286935,0.06360511469445566
"-13551,4417",-121.72621257456724,39.68307766513512,0.06885761122327566
"-13551,4418",-121.72621257458717,39.692060817873134,0.06360511469445566
"-13551,4419",-121.72621257459951,39.70104397079813,0.06885761122327566
"-13551,4420",-121.72621257458832,39.71002712352758,0.06360511469445566
"-13551,4421",-121.72621257458256,39.71901027637258,0.06360511469445566
"-13551,4422",-121.7262125745871,39.72799342916201,0.06360511469445566
"-13551,4423",-121.72621257459464,39.73697658200375,0.06360511469445566
"-13551,4424",-121.72621257458918,39.7459597348419,0.06360511469445566
"-13551,4425",-121.72621257457727,39.75494288761115,0.06360511469445566
"-13551,4426",-121.72621257461728,39.76392604047505,0.06360511469445566
"-13551,4427",-121.72621257460352,39.77290919325021,0.06360511469445566
"-13551,4428",-121.7262125746098,39.7818923461077,0.06360511469445566
"-13551,4429",-121.72621257462714,39.79087549888804,0.06360511469445566
"-13551,4430",-121.7262125746327,39.799858651672494,0.06360511469445566
"-13551,4431",-121.726212574633,39.808841804568544,0.044380219847312725
"-13551,4432",-121.72621257463454,39.8178249572744,0.03900378049336746
"-13551,4433",-121.72621257462836,39.826808110159575,0.044380219847312725
"-13551,4434",-121.72621257462092,39.8357912629739,0.059929282595286286
"-13551,4435",-121.72621257462582,39.84477441580274,0.059929282595286286
"-13551,4436",-121.72621257462004,39.85375756859,0.052389591226306036
"-13552,4386",-121.73519572744355,39.40459992783603,0.009035100569382252
"-13552,4387",-121.73519572744004,39.41358308060544,0.009035100569382252
"-13552,4388",-121.7351957274344,39.42256623348454,0.009035100569382252
"-13552,4389",-121.73519572745542,39.431549386298464,0.009035100569382252
"-13552,4390",-121.73519572744948,39.440532539101525,0.009035100569382252
"-13552,4391",-121.73519572745224,39.44951569190457,0.009035100569382252
"-13552,4392",-121.73519572744786,39.45849884470758,0.009035100569382252
"-13552,4393",-121.73519572743588,39.46748199752045,0.009035100569382252
"-13552,4394",-121.7351957274228,39.476465150405936,0.014849393890007789
"-13552,4395",-121.73519572744428,39.48544830315549,0.004192157423289499
"-13552,4396",-121.73519572746213,39.49443145599854,0.004192157423289499
"-13552,4397",-121.73519572743808,39.50341460880743,0.009035100569382252
"-13552,4398",-121.73519572743024,39.5123977615919,0.009035100569382252
"-13552,4399",-121.73519572744507,39.52138091447591,0.009035100569382252
"-13552,4400",-121.73519572744432,39.53036406720243,0.009035100569382252
"-13552,4401",-121.73519572743444,39.5393472200766,0.009035100569382252
"-13552,4402",-121.73519572744432,39.54833037288402,0.009035100569382252
"-13552,4403",-121.73519572744948,39.5573135257002,0.009035100569382252
"-13552,4404",-121.7351957274494,39.56629667852637,0.057782924330724676
"-13552,4405",-121.73519572745926,39.57527983130905,0.06416936942684719
"-13552,4406",-121.73519572746142,39.58426298414352,0.02434943337360376
"-13552,4407",-121.73519572743996,39.59324613699258,0.018107225477605036
"-13552,4408",-121.73519572743926,39.602229289717975,0.04098906918256252
"-13552,4409",-121.73519572743484,39.61121244261652,0.051155256232958565
"-13552,4410",-121.73519572742626,39.62019559538341,0.05739746412895729
"-13552,4411",-121.73519572744232,39.629178748225925,0.051155256232958565
"-13552,4412",-121.7351957274518,39.63816190107014,0.06234606041090123
"-13552,4413",-121.7351957274317,39.64714505382644,0.0677224997648465
"-13552,4414",-121.73519572743334,39.65612820668646,0.06885761122327566
"-13552,4415",-121.73519572744772,39.66511135947413,0.06885761122327566
"-13552,4416",-121.73519572744353,39.67409451228863,0.06885761122327566
"-13552,4417",-121.7351957274495,39.68307766513976,0.06885761122327566
"-13552,4418",-121.73519572746528,39.69206081788965,0.06885761122327566
"-13552,4419",-121.73519572745252,39.70104397078136,0.06885761122327566
"-13552,4420",-121.7351957274246,39.71002712352121,0.06360511469445566
"-13552,4421",-121.7351957274174,39.71901027637128,0.06360511469445566
"-13552,4422",-121.73519572743042,39.727993429173736,0.06360511469445566
"-13552,4423",-121.7351957274478,39.73697658200675,0.06360511469445566
"-13552,4424",-121.7351957274605,39.74595973484316,0.06360511469445566
"-13552,4425",-121.73519572748192,39.75494288761549,0.06360511469445566
"-13552,4426",-121.73519572747529,39.76392604046391,0.06360511469445566
"-13552,4427",-121.73519572746102,39.77290919324478,0.06360511469445566
"-13552,4428",-121.73519572745246,39.78189234611181,0.06360511469445566
"-13552,4429",-121.73519572742684,39.79087549887902,0.06360511469445566
"-13552,4430",-121.7351957274424,39.79985865169398,0.062470003236026486
"-13552,4431",-121.7351957274538,39.80884180455397,0.0455153313057419
"-13552,4432",-121.73519572745208,39.817824957288856,0.06106439405371547
"-13552,4433",-121.73519572747308,39.82680811015386,0.06106439405371547
"-13552,4434",-121.73519572747144,39.83579126297428,0.05501429378096862
"-13552,4435",-121.7351957274692,39.8447744158039,0.05501429378096862
"-13552,4436",-121.73519572746424,39.85375756858252,0.05501429378096862
"-13553,4386",-121.7441788803319,39.40459992784755,0.009035100569382252
"-13553,4387",-121.74417888033284,39.41358308059239,0.009035100569382252
"-13553,4388",-121.74417888031854,39.422566233485696,0.009035100569382252
"-13553,4389",-121.74417888031095,39.431549386305285,0.009035100569382252
"-13553,4390",-121.74417888032332,39.44053253909852,0.009035100569382252
"-13553,4391",-121.744178880302,39.44951569189654,0.013132892698134132
"-13553,4392",-121.7441788802843,39.45849884470246,0.004192157423289499
"-13553,4393",-121.7441788803059,39.46748199753131,0.014849393890007789
"-13553,4394",-121.74417888032002,39.47646515039569,0.009035100569382252
"-13553,4395",-121.74417888030383,39.485448303168894,0.009035100569382252
"-13553,4396",-121.74417888028616,39.49443145598522,0.004192157423289499
"-13553,4397",-121.74417888028027,39.50341460880293,0.004192157423289499
"-13553,4398",-121.74417888031503,39.51239776161243,0.009035100569382252
"-13553,4399",-121.7441788803298,39.521380914473006,0.009035100569382252
"-13553,4400",-121.74417888030167,39.53036406718817,0.009035100569382252
"-13553,4401",-121.74417888031807,39.53934722009476,0.009035100569382252
"-13553,4402",-121.74417888031834,39.54833037287188,0.009035100569382252
"-13553,4403",-121.744178880302,39.55731352570567,0.004192157423289499
"-13553,4404",-121.7441788803047,39.56629667852253,0.009035100569382252
"-13553,4405",-121.7441788802952,39.57527983131305,0.09403085269371801
"-13553,4406",-121.7441788802953,39.58426298414085,0.028536217515184318
"-13553,4407",-121.74417888031836,39.59324613699623,0.018107225477605036
"-13553,4408",-121.74417888032612,39.602229289718494,0.051155256232958565
"-13553,4409",-121.744178880325,39.61121244261269,0.05739746412895729
"-13553,4410",-121.74417888032144,39.62019559538003,0.05739746412895729
"-13553,4411",-121.74417888029946,39.62917874822584,0.04098906918256252
"-13553,4412",-121.74417888029488,39.6381619010731,0.04098906918256252
"-13553,4413",-121.74417888031414,39.64714505382298,0.04098906918256252
"-13553,4414",-121.74417888031196,39.65612820668959,0.06885761122327566
"-13553,4415",-121.74417888030864,39.66511135947757,0.06885761122327566
"-13553,4416",-121.74417888031758,39.674094512287965,0.06885761122327566
"-13553,4417",-121.74417888031748,39.68307766514391,0.06885761122327566
"-13553,4418",-121.74417888029076,39.69206081787904,0.06885761122327566
"-13553,4419",-121.7441788802802,39.70104397077815,0.06885761122327566
"-13553,4420",-121.74417888031626,39.71002712352924,0.06360511469445566
"-13553,4421",-121.74417888032266,39.71901027636276,0.06360511469445566
"-13553,4422",-121.74417888031276,39.72799342918412,0.06360511469445566
"-13553,4423",-121.74417888030855,39.73697658200414,0.06360511469445566
"-13553,4424",-121.74417888029402,39.74595973484469,0.06360511469445566
"-13553,4425",-121.74417888028262,39.75494288761989,0.06360511469445566
"-13553,4426",-121.74417888029464,39.7639260404627,0.06360511469445566
"-13553,4427",-121.74417888030024,39.77290919324085,0.06360511469445566
"-13553,4428",-121.7441788802989,39.78189234610995,0.06360511469445566
"-13553,4429",-121.74417888031104,39.79087549887293,0.0455153313057419
"-13553,4430",-121.7441788802982,39.79985865170168,0.06360511469445566
"-13553,4431",-121.74417888028924,39.80884180454776,0.06106439405371547
"-13553,4432",-121.7441788802907,39.81782495729493,0.05843969149905288
"-13553,4433",-121.74417888028658,39.82680811015776,0.059929282595286286
"-13553,4434",-121.7441788803058,39.83579126298076,0.06106439405371547
"-13553,4435",-121.74417888030987,39.84477441579849,0.05501429378096862
"-13553,4436",-121.74417888031223,39.8537575685864,0.059929282595286286
"-13554,4386",-121.75316203315236,39.404599927840856,0.009035100569382252
"-13554,4387",-121.75316203314183,39.41358308059336,0.009035100569382252
"-13554,4388",-121.75316203313388,39.42256623347148,0.009035100569382252
"-13554,4389",-121.75316203312642,39.43154938631049,0.009035100569382252
"-13554,4390",-121.75316203314117,39.44053253910952,0.009035100569382252
"-13554,4391",-121.75316203317084,39.44951569189052,0.004192157423289499
"-13554,4392",-121.7531620331824,39.45849884470481,0.004192157423289499
"-13554,4393",-121.75316203315992,39.46748199752842,0.009035100569382252
"-13554,4394",-121.75316203316302,39.47646515040883,0.009035100569382252
"-13554,4395",-121.75316203316032,39.4854483031445,0.009035100569382252
"-13554,4396",-121.75316203313582,39.4944314559845,0.009035100569382252
"-13554,4397",-121.75316203314765,39.503414608807184,0.009035100569382252
"-13554,4398",-121.75316203313508,39.51239776162137,0.025593101398565098
"-13554,4399",-121.75316203312693,39.521380914467976,0.009035100569382252
"-13554,4400",-121.75316203315884,39.53036406719546,0.009035100569382252
"-13554,4401",-121.7531620331632,39.53934722009984,0.009035100569382252
"-13554,4402",-121.7531620331534,39.54833037286114,0.009035100569382252
"-13554,4403",-121.75316203315816,39.557313525709525,0.009035100569382252
"-13554,4404",-121.7531620331616,39.56629667852234,0.009035100569382252
"-13554,4405",-121.7531620331546,39.57527983130343,0.009035100569382252
"-13554,4406",-121.75316203314364,39.58426298414398,0.004192157423289499
"-13554,4407",-121.75316203315052,39.593246137010894,0.04495592770233159
"-13554,4408",-121.75316203315934,39.60222928971368,0.034515620423999804
"-13554,4409",-121.75316203316102,39.61121244261784,0.05739746412895729
"-13554,4410",-121.75316203317584,39.62019559538157,0.04098906918256252
"-13554,4411",-121.75316203318091,39.62917874821429,0.03561262982861725
"-13554,4412",-121.75316203315327,39.63816190106556,0.0457788168790133
"-13554,4413",-121.75316203315114,39.64714505384065,0.03561262982861725
"-13554,4414",-121.75316203316544,39.65612820667908,0.04098906918256252
"-13554,4415",-121.75316203315086,39.66511135947746,0.06885761122327566
"-13554,4416",-121.75316203315168,39.674094512293856,0.06885761122327566
"-13554,4417",-121.75316203315032,39.68307766513716,0.06885761122327566
"-13554,4418",-121.75316203314624,39.69206081786758,0.06885761122327566
"-13554,4419",-121.7531620331684,39.701043970796455,0.06885761122327566
"-13554,4420",-121.75316203316277,39.71002712352895,0.06885761122327566
"-13554,4421",-121.7531620331513,39.71901027636004,0.06885761122327566
"-13554,4422",-121.75316203316284,39.72799342918783,0.06885761122327566
"-13554,4423",-121.75316203316596,39.73697658199976,0.06360511469445566
"-13554,4424",-121.7531620331515,39.745959734831935,0.06885761122327566
"-13554,4425",-121.75316203315695,39.75494288762911,0.06360511469445566
"-13554,4426",-121.7531620331508,39.763926040456944,0.06360511469445566
"-13554,4427",-121.7531620331464,39.77290919324731,0.06360511469445566
"-13554,4428",-121.7531620331502,39.78189234610495,0.06360511469445566
"-13554,4429",-121.75316203314618,39.79087549888271,0.06360511469445566
"-13554,4430",-121.75316203315629,39.799858651690286,0.06360511469445566
"-13554,4431",-121.753162033149,39.80884180454958,0.06360511469445566
"-13554,4432",-121.75316203315316,39.81782495729644,0.06106439405371547
"-13554,4433",-121.7531620331598,39.826808110157714,0.06106439405371547
"-13554,4434",-121.75316203315282,39.835791262988,0.06360511469445566
"-13554,4435",-121.75316203313868,39.84477441578531,0.0455153313057419
"-13554,4436",-121.75316203313932,39.85375756860137,0.0455153313057419
"-13555,4386",-121.76214518595144,39.404599927833154,0.025593101398565098
"-13555,4387",-121.7621451859582,39.41358308059882,0.009035100569382252
"-13555,4388",-121.76214518598368,39.42256623347647,0.009035100569382252
"-13555,4389",-121.76214518599816,39.43154938630965,0.004192157423289499
"-13555,4390",-121.76214518598564,39.44053253911169,0.004192157423289499
"-13555,4391",-121.76214518597315,39.4495156918986,0.009035100569382252
"-13555,4392",-121.76214518596028,39.45849884469595,0.009035100569382252
"-13555,4393",-121.76214518596878,39.467481997528935,0.009035100569382252
"-13555,4394",-121.76214518596724,39.476465150409226,0.009035100569382252
"-13555,4395",-121.76214518596204,39.48544830313939,0.009035100569382252
"-13555,4396",-121.76214518598884,39.494431455991,0.009035100569382252
"-13555,4397",-121.76214518599387,39.50341460881072,0.009035100569382252
"-13555,4398",-121.76214518599198,39.51239776160926,0.009035100569382252
"-13555,4399",-121.7621451859673,39.52138091446051,0.009035100569382252
"-13555,4400",-121.76214518594688,39.53036406720975,0.009035100569382252
"-13555,4401",-121.7621451859526,39.53934722009153,0.004192157423289499
"-13555,4402",-121.7621451859615,39.5483303728689,0.009035100569382252
"-13555,4403",-121.76214518597143,39.55731352571054,0.009035100569382252
"-13555,4404",-121.76214518598196,39.5662966785296,0.009035100569382252
"-13555,4405",-121.76214518597702,39.57527983128908,0.009035100569382252
"-13555,4406",-121.7621451859699,39.58426298414759,0.009035100569382252
"-13555,4407",-121.762145185967,39.59324613700967,0.009035100569382252
"-13555,4408",-121.76214518596623,39.60222928971965,0.028536217515184318
"-13555,4409",-121.76214518596004,39.61121244260918,0.02434943337360376
"-13555,4410",-121.76214518594104,39.62019559538772,0.051155256232958565
"-13555,4411",-121.76214518596564,39.62917874822576,0.03561262982861725
"-13555,4412",-121.76214518598864,39.63816190105136,0.051155256232958565
"-13555,4413",-121.76214518597152,39.64714505384347,0.04098906918256252
"-13555,4414",-121.76214518597244,39.6561282066853,0.03561262982861725
"-13555,4415",-121.76214518599087,39.66511135947352,0.04098906918256252
"-13555,4416",-121.76214518597988,39.67409451229177,0.06885761122327566
"-13555,4417",-121.7621451859613,39.68307766512744,0.06885761122327566
"-13555,4418",-121.76214518598634,39.692060817889725,0.06885761122327566
"-13555,4419",-121.7621451859872,39.70104397078792,0.06885761122327566
"-13555,4420",-121.76214518597727,39.71002712352827,0.06885761122327566
"-13555,4421",-121.7621451859923,39.71901027636281,0.06885761122327566
"-13555,4422",-121.76214518597138,39.72799342917952,0.06885761122327566
"-13555,4423",-121.76214518595026,39.73697658199743,0.06885761122327566
"-13555,4424",-121.76214518597334,39.74595973483937,0.06885761122327566
"-13555,4425",-121.76214518597968,39.75494288762863,0.06885761122327566
"-13555,4426",-121.76214518597564,39.7639260404514,0.06360511469445566
"-13555,4427",-121.76214518597465,39.772909193249646,0.06360511469445566
"-13555,4428",-121.7621451859606,39.78189234609656,0.06360511469445566
"-13555,4429",-121.76214518595538,39.79087549888567,0.06360511469445566
"-13555,4430",-121.76214518595692,39.79985865169419,0.06360511469445566
"-13555,4431",-121.76214518597158,39.80884180455001,0.06360511469445566
"-13555,4432",-121.76214518597637,39.8178249573013,0.06360511469445566
"-13555,4433",-121.76214518597772,39.826808110157536,0.05843969149905288
"-13555,4434",-121.76214518596647,39.83579126297744,0.06360511469445566
"-13555,4435",-121.76214518597158,39.84477441579053,0.062470003236026486
"-13555,4436",-121.76214518597692,39.85375756859967,0.05501429378096862
"-13556,4386",-121.77112833880972,39.40459992783647,0.009035100569382252
"-13556,4387",-121.77112833882468,39.41358308060848,0.009035100569382252
"-13556,4388",-121.77112833882464,39.42256623348199,0.004192157423289499
"-13556,4389",-121.77112833882272,39.43154938631163,0.014849393890007789
"-13556,4390",-121.77112833883228,39.44053253910793,0.009035100569382252
"-13556,4391",-121.77112833881496,39.44951569188463,0.025593101398565098
"-13556,4392",-121.77112833880794,39.45849884469806,0.009035100569382252
"-13556,4393",-121.77112833881598,39.46748199753668,0.009035100569382252
"-13556,4394",-121.7711283388231,39.47646515040481,0.025593101398565098
"-13556,4395",-121.77112833883562,39.485448303148175,0.009035100569382252
"-13556,4396",-121.7711283388376,39.494431455999326,0.009035100569382252
"-13556,4397",-121.77112833884382,39.5034146088091,0.009035100569382252
"-13556,4398",-121.77112833882984,39.51239776160145,0.009035100569382252
"-13556,4399",-121.7711283388381,39.52138091445856,0.009035100569382252
"-13556,4400",-121.77112833883884,39.53036406720001,0.009035100569382252
"-13556,4401",-121.77112833882296,39.53934722009521,0.009035100569382252
"-13556,4402",-121.77112833882606,39.54833037287237,0.009035100569382252
"-13556,4403",-121.77112833881831,39.5573135257084,0.004192157423289499
"-13556,4404",-121.7711283388199,39.56629667853893,0.004192157423289499
"-13556,4405",-121.7711283388372,39.57527983128709,0.009035100569382252
"-13556,4406",-121.7711283388249,39.58426298413804,0.009035100569382252
"-13556,4407",-121.77112833880318,39.5932461370046,0.009035100569382252
"-13556,4408",-121.77112833881624,39.60222928973201,0.028536217515184318
"-13556,4409",-121.77112833882568,39.61121244259878,0.018107225477605036
"-13556,4410",-121.77112833883626,39.62019559539312,0.051155256232958565
"-13556,4411",-121.77112833883352,39.62917874823336,0.03561262982861725
"-13556,4412",-121.77112833882391,39.63816190105164,0.03561262982861725
"-13556,4413",-121.77112833882754,39.64714505383519,0.0457788168790133
"-13556,4414",-121.77112833882843,39.65612820669468,0.0457788168790133
"-13556,4415",-121.77112833883297,39.66511135947775,0.04098906918256252
"-13556,4416",-121.77112833884053,39.674094512285485,0.04098906918256252
"-13556,4417",-121.77112833884202,39.68307766512359,0.06885761122327566
"-13556,4418",-121.77112833882144,39.692060817896206,0.06885761122327566
"-13556,4419",-121.7711283388144,39.70104397077783,0.06885761122327566
"-13556,4420",-121.77112833880498,39.710027123526906,0.06885761122327566
"-13556,4421",-121.7711283387995,39.7190102763698,0.06885761122327566
"-13556,4422",-121.77112833882671,39.72799342917624,0.06885761122327566
"-13556,4423",-121.7711283388482,39.73697658200092,0.06885761122327566
"-13556,4424",-121.77112833884784,39.74595973484931,0.06885761122327566
"-13556,4425",-121.77112833883206,39.75494288761311,0.06885761122327566
"-13556,4426",-121.77112833881417,39.76392604045397,0.06360511469445566
"-13556,4427",-121.77112833882988,39.77290919325576,0.06360511469445566
"-13556,4428",-121.77112833884928,39.7818923460936,0.06360511469445566
"-13556,4429",-121.77112833884075,39.79087549888056,0.06360511469445566
"-13556,4430",-121.77112833884016,39.79985865169984,0.06360511469445566
"-13556,4431",-121.77112833884682,39.80884180455696,0.06360511469445566
"-13556,4432",-121.77112833882926,39.8178249572868,0.06360511469445566
"-13556,4433",-121.77112833880926,39.82680811016103,0.06360511469445566
"-13556,4434",-121.77112833882263,39.83579126297524,0.06360511469445566
"-13556,4435",-121.77112833883096,39.8447744158006,0.03667241555097729
"-13556,4436",-121.77112833881796,39.8537575685851,0.03667241555097729
